date,MSB_code,MSB_high,MSB_low,MSB_open,MSB_close,MSB_adjust,MSB_volume_match,MSB_value_match
2025-06-16,MSB,12.3,11.95,11.95,0.0,12.15,8530100.0,12150.0
2025-06-13,MSB,12.0,11.7,11.75,11.95,11.95,20335900.0,241303610000.0
2025-06-12,MSB,12.0,11.65,11.7,11.9,11.9,14121100.0,166988890000.0
2025-06-11,MSB,11.75,11.6,11.65,11.65,11.65,4386300.0,51154605000.0
2025-06-10,MSB,11.7,11.55,11.7,11.65,11.65,4864600.0,56645380000.0
2025-06-09,MSB,11.65,11.5,11.6,11.55,11.55,4386400.0,50752080000.0
2025-06-06,MSB,11.75,11.6,11.65,11.6,11.6,7665300.0,89390835000.0
2025-06-05,MSB,11.75,11.6,11.75,11.65,11.65,4966700.0,58052845000.0
2025-06-04,MSB,11.9,11.7,11.8,11.75,11.75,6214600.0,73389375000.0
2025-06-03,MSB,11.9,11.6,11.65,11.8,11.8,9297100.0,109325275000.0
2025-06-02,MSB,11.6,11.5,11.55,11.55,11.55,5758200.0,66411850000.0
2025-05-30,MSB,11.75,11.55,11.7,11.55,11.55,5157400.0,59994825000.0
2025-05-29,MSB,11.8,11.65,11.7,11.7,11.7,4852200.0,56819510000.0
2025-05-28,MSB,11.8,11.6,11.8,11.65,11.65,6681500.0,78169730000.0
2025-05-27,MSB,11.9,11.65,11.75,11.7,11.7,5597700.0,65775760000.0
2025-05-26,MSB,11.7,11.5,11.65,11.65,11.65,7938700.0,91982655000.0
2025-05-23,MSB,11.75,11.6,11.65,11.6,11.6,4063400.0,47314585000.0
2025-05-22,MSB,11.85,11.65,11.85,11.65,11.65,7875200.0,92468200000.0
2025-05-21,MSB,12.05,11.7,11.95,11.85,11.85,12521800.0,148423965000.0
2025-05-20,MSB,11.95,11.6,11.7,11.85,11.85,12940000.0,152770105000.0
2025-05-19,MSB,11.85,11.6,11.7,11.65,11.65,6592700.0,77241770000.0
2025-05-16,MSB,12.05,11.7,12.0,11.75,11.75,9433700.0,111660600000.0
2025-05-15,MSB,12.0,11.6,11.6,12.0,12.0,21065200.0,249158220000.0
2025-05-14,MSB,11.6,11.45,11.45,11.55,11.55,10997400.0,126653710000.0
2025-05-13,MSB,11.5,11.4,11.5,11.45,11.45,6961400.0,79729080000.0
2025-05-12,MSB,11.45,11.25,11.35,11.4,11.4,8577200.0,97313290000.0
2025-05-09,MSB,11.4,11.25,11.4,11.3,11.3,3417900.0,38621215000.0
2025-05-08,MSB,11.4,11.2,11.2,11.35,11.35,8400300.0,94733840000.0
2025-05-07,MSB,11.3,11.15,11.25,11.2,11.2,8951100.0,100469020000.0
2025-05-06,MSB,11.35,11.2,11.25,11.25,11.25,4937800.0,55699400000.0
2025-05-05,MSB,11.35,11.2,11.25,11.25,11.25,3341600.0,37484220000.0
2025-04-29,MSB,11.25,11.2,11.25,11.2,11.2,2328400.0,26092000000.0
2025-04-28,MSB,11.4,11.2,11.35,11.25,11.25,2432400.0,27376000000.0
2025-04-25,MSB,11.35,11.25,11.35,11.3,11.3,6097200.0,68811000000.0
2025-04-24,MSB,11.4,11.2,11.4,11.35,11.35,5005000.0,56484000000.0
2025-04-23,MSB,11.45,11.25,11.25,11.35,11.35,9641800.0,109244000000.0
2025-04-22,MSB,11.25,10.55,11.1,11.1,11.1,21057700.0,231567000000.0
2025-04-21,MSB,11.3,11.1,11.15,11.15,11.15,9842400.0,109884000000.0
2025-04-18,MSB,11.25,10.95,10.95,11.15,11.15,12208900.0,136014000000.0
2025-04-17,MSB,10.95,10.75,10.8,10.9,10.9,4262300.0,46188000000.0
2025-04-16,MSB,11.0,10.8,10.85,10.85,10.85,6345900.0,69033000000.0
2025-04-15,MSB,11.1,10.85,11.0,10.85,10.85,8821100.0,96504000000.0
2025-04-14,MSB,11.15,10.95,11.1,11.1,11.1,8113300.0,89437000000.0
2025-04-11,MSB,11.1,10.6,10.8,11.05,11.05,17391900.0,188561000000.0
2025-04-10,MSB,10.7,10.7,10.7,10.7,10.7,1363700.0,14591000000.0
2025-04-09,MSB,10.3,9.5,9.5,10.0,10.0,16468500.0,163767000000.0
2025-04-08,MSB,10.65,10.2,10.5,10.2,10.2,15391300.0,158157000000.0
2025-04-04,MSB,11.0,10.5,10.5,10.95,10.95,23920300.0,254251000000.0
2025-04-03,MSB,11.7,11.25,11.6,11.25,11.25,23727700.0,269473000000.0
2025-04-02,MSB,12.3,12.05,12.25,12.05,12.05,6274100.0,75950000000.0
2025-04-01,MSB,12.25,12.05,12.2,12.2,12.2,6935300.0,83994000000.0
2025-03-31,MSB,12.25,11.75,11.8,12.2,12.2,22255100.0,267967000000.0
2025-03-28,MSB,11.95,11.75,11.8,11.85,11.85,6429500.0,76147000000.0
2025-03-27,MSB,11.85,11.7,11.75,11.8,11.8,3955600.0,46588000000.0
2025-03-26,MSB,11.95,11.75,11.9,11.8,11.8,4747000.0,56267000000.0
2025-03-25,MSB,12.1,11.75,12.0,11.9,11.9,6872000.0,81905000000.0
2025-03-24,MSB,11.9,11.6,11.8,11.9,11.9,7243200.0,85042000000.0
2025-03-21,MSB,11.95,11.8,11.85,11.8,11.8,6333000.0,75120000000.0
2025-03-20,MSB,12.2,11.75,12.15,11.85,11.85,9317100.0,110933000000.0
2025-03-19,MSB,12.1,11.85,11.95,12.1,12.1,10847500.0,129863000000.0
2025-03-18,MSB,12.15,11.85,12.1,12.0,12.0,8535600.0,102179000000.0
2025-03-17,MSB,12.4,11.65,11.7,12.1,12.1,29992900.0,364108000000.0
2025-03-14,MSB,11.7,11.35,11.4,11.6,11.6,9775900.0,112515000000.0
2025-03-13,MSB,11.65,11.4,11.65,11.4,11.4,11120800.0,128173000000.0
2025-03-12,MSB,11.85,11.6,11.8,11.65,11.65,8618700.0,100787000000.0
2025-03-11,MSB,11.75,11.6,11.7,11.75,11.75,9251000.0,107968000000.0
2025-03-10,MSB,11.95,11.7,11.95,11.8,11.8,9706500.0,114928000000.0
2025-03-07,MSB,11.9,11.45,11.5,11.85,11.85,27765700.0,325561000000.0
2025-03-06,MSB,11.45,11.3,11.35,11.45,11.45,5446400.0,62001000000.0
2025-03-05,MSB,11.55,11.3,11.4,11.3,11.3,8374800.0,95479000000.0
2025-03-04,MSB,11.45,11.25,11.35,11.4,11.4,7666400.0,86921000000.0
2025-03-03,MSB,11.4,11.3,11.35,11.35,11.35,4777400.0,54205000000.0
2025-02-28,MSB,11.4,11.3,11.4,11.35,11.35,5946000.0,67436000000.0
2025-02-27,MSB,11.5,11.3,11.45,11.4,11.4,7381000.0,84033000000.0
2025-02-26,MSB,11.6,11.4,11.55,11.45,11.45,7633300.0,87619000000.0
2025-02-25,MSB,11.65,11.5,11.6,11.55,11.55,6873800.0,79595000000.0
2025-02-24,MSB,11.65,11.5,11.5,11.55,11.55,5029800.0,58213000000.0
2025-02-21,MSB,11.6,11.45,11.55,11.55,11.55,6494300.0,74801000000.0
2025-02-20,MSB,11.6,11.5,11.55,11.55,11.55,4632900.0,53509000000.0
2025-02-19,MSB,11.55,11.4,11.45,11.5,11.5,7068900.0,81127000000.0
2025-02-18,MSB,11.6,11.4,11.4,11.45,11.45,7391100.0,84817000000.0
2025-02-17,MSB,11.5,11.35,11.45,11.4,11.4,5754600.0,65644000000.0
2025-02-14,MSB,11.5,11.3,11.4,11.4,11.4,6692300.0,76286000000.0
2025-02-13,MSB,11.4,11.3,11.4,11.35,11.35,4011500.0,45507000000.0
2025-02-12,MSB,11.55,11.35,11.45,11.4,11.4,5647700.0,64579000000.0
2025-02-11,MSB,11.55,11.25,11.35,11.4,11.4,11251200.0,128573000000.0
2025-02-10,MSB,11.4,11.25,11.3,11.3,11.3,5982500.0,67700000000.0
2025-02-07,MSB,11.45,11.25,11.35,11.35,11.35,7003300.0,79457000000.0
2025-02-06,MSB,11.45,11.25,11.4,11.35,11.35,5921600.0,67199000000.0
2025-02-05,MSB,11.35,11.25,11.25,11.35,11.35,5751900.0,65021000000.0
2025-02-04,MSB,11.35,11.15,11.2,11.25,11.25,5557500.0,62586000000.0
2025-01-24,MSB,11.15,11.0,11.05,11.15,11.15,2670700.0,29556000000.0
2025-01-23,MSB,11.05,10.85,10.9,11.05,11.05,5173700.0,56715000000.0
2025-01-22,MSB,11.0,10.85,10.95,10.85,10.85,3159400.0,34486000000.0
2025-01-21,MSB,11.1,10.9,11.0,10.95,10.95,2740400.0,30048000000.0
2025-01-20,MSB,11.05,10.95,10.95,11.0,11.0,2331600.0,25616000000.0
2025-01-17,MSB,10.95,10.8,10.9,10.9,10.9,3067200.0,33362000000.0
2025-01-16,MSB,11.0,10.85,10.9,10.85,10.85,3132800.0,34198000000.0
2025-01-15,MSB,10.9,10.75,10.8,10.9,10.9,2927800.0,31741000000.0
2025-01-14,MSB,10.9,10.75,10.85,10.75,10.75,1764000.0,19092000000.0
2025-01-13,MSB,10.85,10.7,10.85,10.85,10.85,5140600.0,55447000000.0
2025-01-10,MSB,11.1,10.85,11.05,10.85,10.85,8297000.0,91015000000.0
2025-01-09,MSB,11.2,11.05,11.2,11.1,11.1,2811600.0,31277000000.0
2025-01-08,MSB,11.2,11.05,11.1,11.2,11.2,2659100.0,29570000000.0
2025-01-07,MSB,11.3,11.1,11.2,11.1,11.1,4769900.0,53326000000.0
2025-01-06,MSB,11.4,11.1,11.3,11.2,11.2,5701500.0,64073000000.0
2025-01-03,MSB,11.55,11.3,11.5,11.3,11.3,6481700.0,73790000000.0
2025-01-02,MSB,11.65,11.5,11.6,11.55,11.55,2622300.0,30309000000.0
2024-12-31,MSB,11.7,11.55,11.7,11.65,11.65,3878400.0,45087000000.0
2024-12-30,MSB,11.75,11.55,11.75,11.7,11.7,3579100.0,41710000000.0
2024-12-27,MSB,11.9,11.55,11.55,11.7,11.7,11468400.0,134261000000.0
2024-12-26,MSB,11.6,11.45,11.5,11.55,11.55,3702800.0,42600000000.0
2024-12-25,MSB,11.7,11.3,11.3,11.5,11.5,10305100.0,118610000000.0
2024-12-24,MSB,11.35,11.25,11.35,11.35,11.35,3571700.0,40333000000.0
2024-12-23,MSB,11.4,11.3,11.35,11.35,11.35,2692800.0,30525000000.0
2024-12-20,MSB,11.35,11.25,11.3,11.3,11.3,2271100.0,25671000000.0
2024-12-19,MSB,11.45,11.25,11.4,11.3,11.3,8925300.0,101196000000.0
2024-12-18,MSB,11.5,11.4,11.5,11.5,11.5,4529200.0,51866000000.0
2024-12-17,MSB,11.6,11.45,11.55,11.45,11.45,3399900.0,39109000000.0
2024-12-16,MSB,11.65,11.45,11.55,11.55,11.55,3094700.0,35682000000.0
2024-12-13,MSB,11.6,11.45,11.55,11.55,11.55,5467700.0,63030000000.0
2024-12-12,MSB,11.7,11.55,11.55,11.55,11.55,4539400.0,52819000000.0
2024-12-11,MSB,11.6,11.45,11.5,11.55,11.55,6526900.0,75300000000.0
2024-12-10,MSB,11.7,11.45,11.6,11.5,11.5,4796200.0,55407000000.0
2024-12-09,MSB,11.65,11.5,11.55,11.6,11.6,6293300.0,72779000000.0
2024-12-06,MSB,11.65,11.5,11.6,11.55,11.55,5771100.0,66699000000.0
2024-12-05,MSB,11.65,11.2,11.3,11.6,11.6,8270600.0,94652000000.0
2024-12-04,MSB,11.4,11.25,11.4,11.25,11.25,5761100.0,65044000000.0
2024-12-03,MSB,11.5,11.4,11.5,11.4,11.4,3450700.0,39419000000.0
2024-12-02,MSB,11.6,11.4,11.55,11.5,11.5,4031000.0,46329000000.0
2024-11-29,MSB,11.5,11.35,11.4,11.5,11.5,4948500.0,56552000000.0
2024-11-28,MSB,11.55,11.35,11.4,11.4,11.4,4404000.0,50327000000.0
2024-11-27,MSB,11.45,11.35,11.4,11.35,11.35,4028400.0,45892000000.0
2024-11-26,MSB,11.55,11.4,11.4,11.4,11.4,6410200.0,73357000000.0
2024-11-25,MSB,11.45,11.3,11.45,11.4,11.4,4338900.0,49352000000.0
2024-11-22,MSB,11.55,11.35,11.5,11.45,11.45,7392500.0,84598000000.0
2024-11-21,MSB,11.5,11.3,11.3,11.5,11.5,5046600.0,57540000000.0
2024-11-20,MSB,11.45,11.1,11.15,11.3,11.3,6382300.0,72412000000.0
2024-11-19,MSB,11.4,11.2,11.35,11.2,11.2,3964500.0,44705000000.0
2024-11-18,MSB,11.55,11.15,11.3,11.3,11.3,7189400.0,81257000000.0
2024-11-15,MSB,11.55,11.3,11.5,11.3,11.3,8751500.0,99677000000.0
2024-11-14,MSB,11.7,11.4,11.7,11.6,11.6,7200500.0,83219000000.0
2024-11-13,MSB,11.7,11.45,11.6,11.7,11.7,9990700.0,115403000000.0
2024-11-12,MSB,11.75,11.6,11.65,11.7,11.7,6875200.0,80085000000.0
2024-11-11,MSB,11.95,11.6,11.95,11.65,11.65,15842100.0,185509000000.0
2024-11-08,MSB,12.05,11.8,12.0,12.0,12.0,6527800.0,77682000000.0
2024-11-07,MSB,12.1,11.95,12.1,11.95,11.95,6113900.0,73408000000.0
2024-11-06,MSB,12.1,11.85,11.85,12.05,12.05,8656200.0,103709000000.0
2024-11-05,MSB,11.9,11.75,11.75,11.8,11.8,5819900.0,68956000000.0
2024-11-04,MSB,12.05,11.7,12.05,11.75,11.75,15181800.0,179695000000.0
2024-11-01,MSB,12.3,12.05,12.25,12.05,12.05,9673300.0,117384000000.0
2024-10-31,MSB,12.4,12.1,12.15,12.35,12.35,10304000.0,126405000000.0
2024-10-30,MSB,12.35,12.1,12.35,12.25,12.25,11969000.0,145945000000.0
2024-10-29,MSB,12.45,12.3,12.35,12.35,12.35,5992800.0,74106000000.0
2024-10-28,MSB,12.35,12.2,12.3,12.35,12.35,6033400.0,74025000000.0
2024-10-25,MSB,12.45,12.1,12.4,12.25,12.25,16566300.0,203251000000.0
2024-10-24,MSB,12.9,12.35,12.85,12.35,12.35,16337500.0,205667000000.0
2024-10-23,MSB,12.95,12.6,12.75,12.85,12.85,11897500.0,151616000000.0
2024-10-22,MSB,13.1,12.6,12.8,12.75,12.75,19818500.0,253286000000.0
2024-10-21,MSB,13.0,12.8,12.95,12.8,12.8,12533600.0,161696000000.0
2024-10-18,MSB,13.2,12.95,13.15,13.05,13.05,25467600.0,333151000000.0
2024-10-17,MSB,13.2,12.6,12.7,13.2,13.2,23891900.0,308810000000.0
2024-10-16,MSB,12.7,12.55,12.65,12.7,12.7,11599900.0,146590000000.0
2024-10-15,MSB,12.95,12.65,12.8,12.75,12.75,11328900.0,144377000000.0
2024-10-14,MSB,12.85,12.55,12.8,12.7,12.7,10907600.0,138648000000.0
2024-10-11,MSB,12.75,12.6,12.7,12.7,12.7,8905800.0,112784000000.0
2024-10-10,MSB,13.1,12.7,13.0,12.7,12.7,21014000.0,271469000000.0
2024-10-09,MSB,12.95,12.75,12.8,12.9,12.9,10751000.0,138201000000.0
2024-10-08,MSB,13.2,12.8,13.05,12.8,12.8,14023400.0,181899000000.0
2024-10-07,MSB,13.0,12.6,12.7,13.0,13.0,14566000.0,186597000000.0
2024-10-04,MSB,12.9,12.65,12.9,12.65,12.65,13367900.0,170536000000.0
2024-10-03,MSB,13.35,12.8,13.05,12.85,12.85,23996700.0,314937000000.0
2024-10-02,MSB,13.05,12.85,12.85,13.05,13.05,13510800.0,175373000000.0
2024-10-01,MSB,13.1,12.9,13.05,13.0,13.0,12957800.0,168636000000.0
2024-09-30,MSB,13.15,12.55,12.6,13.05,13.05,24823700.0,321336000000.0
2024-09-27,MSB,12.75,12.45,12.75,12.6,12.6,12526900.0,158072000000.0
2024-09-26,MSB,12.75,11.95,11.95,12.6,12.6,36403300.0,451927000000.0
2024-09-25,MSB,12.1,11.6,11.65,11.95,11.95,22353300.0,266012000000.0
2024-09-24,MSB,11.6,11.4,11.45,11.6,11.6,4539100.0,52060000000.0
2024-09-23,MSB,11.65,11.45,11.55,11.45,11.45,3195900.0,36849000000.0
2024-09-20,MSB,11.7,11.5,11.6,11.55,11.55,6842800.0,79373000000.0
2024-09-19,MSB,11.5,11.35,11.4,11.5,11.5,2542500.0,29039000000.0
2024-09-18,MSB,11.5,11.35,11.45,11.4,11.4,3237000.0,36907000000.0
2024-09-17,MSB,11.45,11.25,11.35,11.45,11.45,1824100.0,20709000000.0
2024-09-16,MSB,11.45,11.25,11.4,11.4,11.4,1900000.0,21499000000.0
2024-09-13,MSB,11.5,11.25,11.35,11.4,11.4,4714700.0,53691000000.0
2024-09-12,MSB,11.4,11.25,11.35,11.35,11.35,1668200.0,18891000000.0
2024-09-11,MSB,11.35,11.15,11.3,11.3,11.3,3464900.0,39014000000.0
2024-09-10,MSB,11.4,11.25,11.35,11.35,11.35,2799400.0,31690000000.0
2024-09-09,MSB,11.4,11.25,11.3,11.4,11.4,1913200.0,21666000000.0
2024-09-06,MSB,11.4,11.2,11.3,11.4,11.4,3949700.0,44686000000.0
2024-09-05,MSB,11.5,11.3,11.4,11.35,11.35,3855900.0,43867000000.0
2024-09-04,MSB,11.5,11.35,11.5,11.35,11.35,4719900.0,53893000000.0
2024-08-30,MSB,11.6,11.5,11.6,11.6,11.6,3550600.0,41045000000.0
2024-08-29,MSB,11.8,11.55,11.75,11.55,11.55,8539300.0,99620000000.0
2024-08-28,MSB,11.8,11.5,11.65,11.8,11.8,16077100.0,186967000000.0
2024-08-27,MSB,14.9,14.8,14.9,14.85,11.42,12136400.0,180272000000.0
2024-08-26,MSB,15.05,14.85,15.0,14.9,11.46,10264500.0,153434000000.0
2024-08-23,MSB,15.0,14.8,14.95,14.9,11.46,6055500.0,90194000000.0
2024-08-22,MSB,15.15,14.9,15.1,15.0,11.54,6082800.0,91279000000.0
2024-08-21,MSB,15.0,14.7,14.8,15.0,11.54,10436100.0,155057000000.0
2024-08-20,MSB,14.85,14.65,14.8,14.8,11.38,5404000.0,79678000000.0
2024-08-19,MSB,14.9,14.65,14.9,14.8,11.38,5435600.0,80301000000.0
2024-08-16,MSB,14.75,14.4,14.45,14.7,11.31,6598100.0,96362000000.0
2024-08-15,MSB,14.5,14.3,14.5,14.45,11.11,1783000.0,25645000000.0
2024-08-14,MSB,14.55,14.4,14.55,14.45,11.11,2164300.0,31308000000.0
2024-08-13,MSB,14.65,14.45,14.6,14.45,11.11,2711400.0,39376000000.0
2024-08-12,MSB,14.6,14.2,14.25,14.6,11.23,5875800.0,84880000000.0
2024-08-09,MSB,14.1,13.9,13.95,14.1,10.85,3657400.0,51250000000.0
2024-08-08,MSB,14.0,13.75,13.95,13.9,10.69,3085700.0,42818000000.0
2024-08-07,MSB,14.0,13.85,13.95,14.0,10.77,1642300.0,22902000000.0
2024-08-06,MSB,14.0,13.65,13.65,14.0,10.77,4400800.0,60820000000.0
2024-08-05,MSB,14.35,13.55,14.25,13.6,10.46,11813400.0,164405000000.0
2024-08-02,MSB,14.55,14.2,14.3,14.5,11.15,5398000.0,77558000000.0
2024-08-01,MSB,14.7,14.35,14.6,14.45,11.11,7748700.0,112358000000.0
2024-07-31,MSB,14.85,14.6,14.65,14.65,11.27,7081300.0,104206000000.0
2024-07-30,MSB,14.65,14.4,14.6,14.65,11.27,3446800.0,50108000000.0
2024-07-29,MSB,14.75,14.55,14.75,14.7,11.31,2265000.0,33156000000.0
2024-07-26,MSB,14.7,14.45,14.6,14.7,11.31,2758000.0,40119000000.0
2024-07-25,MSB,14.65,14.35,14.5,14.55,11.19,3918400.0,56769000000.0
2024-07-24,MSB,14.6,14.2,14.4,14.6,11.23,5949300.0,85649000000.0
2024-07-23,MSB,15.1,14.15,15.1,14.45,11.11,8865700.0,130239000000.0
2024-07-22,MSB,15.2,14.8,15.0,15.0,11.54,11462700.0,172041000000.0
2024-07-19,MSB,15.05,14.65,14.75,14.95,11.5,13050600.0,194602000000.0
2024-07-18,MSB,14.9,14.65,14.85,14.75,11.35,4077400.0,60053000000.0
2024-07-17,MSB,15.1,14.55,14.7,14.8,11.38,15604600.0,231006000000.0
2024-07-16,MSB,14.75,14.55,14.6,14.6,11.23,5668000.0,82958000000.0
2024-07-15,MSB,14.65,14.4,14.5,14.6,11.23,3901800.0,56719000000.0
2024-07-12,MSB,14.5,14.3,14.35,14.45,11.11,4043100.0,58093000000.0
2024-07-11,MSB,14.5,14.35,14.45,14.35,11.04,3146900.0,45309000000.0
2024-07-10,MSB,14.65,14.35,14.55,14.4,11.08,7745200.0,111840000000.0
2024-07-09,MSB,14.65,14.4,14.45,14.55,11.19,3672800.0,53349000000.0
2024-07-08,MSB,14.65,14.45,14.6,14.55,11.19,3419600.0,49701000000.0
2024-07-05,MSB,14.8,14.6,14.75,14.65,11.27,2901600.0,42556000000.0
2024-07-04,MSB,14.85,14.65,14.75,14.75,11.35,4275400.0,63062000000.0
2024-07-03,MSB,14.75,14.6,14.7,14.75,11.35,3526000.0,51796000000.0
2024-07-02,MSB,14.75,14.35,14.5,14.7,11.31,4104600.0,59912000000.0
2024-07-01,MSB,14.5,14.2,14.3,14.5,11.15,3815900.0,54601000000.0
2024-06-28,MSB,14.6,14.2,14.6,14.3,11.0,2372600.0,34101000000.0
2024-06-27,MSB,14.7,14.35,14.35,14.5,11.15,5501900.0,79973000000.0
2024-06-26,MSB,14.35,14.05,14.2,14.25,10.96,2579800.0,36652000000.0
2024-06-25,MSB,14.3,14.1,14.15,14.25,10.96,1755700.0,24935000000.0
2024-06-24,MSB,14.45,14.15,14.45,14.15,10.88,5643900.0,80425000000.0
2024-06-21,MSB,14.55,14.4,14.45,14.45,11.11,4553400.0,65858000000.0
2024-06-20,MSB,14.65,14.4,14.55,14.45,11.11,4155400.0,60172000000.0
2024-06-19,MSB,14.65,14.4,14.6,14.6,11.23,5198700.0,75420000000.0
2024-06-18,MSB,14.85,14.55,14.8,14.6,11.23,7523400.0,110598000000.0
2024-06-17,MSB,14.8,14.55,14.8,14.8,11.38,4629100.0,67984000000.0
2024-06-14,MSB,15.25,14.8,15.25,14.8,11.38,4989000.0,75062000000.0
2024-06-13,MSB,15.3,14.9,15.0,15.2,11.69,9859900.0,148804000000.0
2024-06-12,MSB,14.95,14.75,14.9,14.95,11.5,4360700.0,64760000000.0
2024-06-11,MSB,15.0,14.7,15.0,14.85,11.42,5060400.0,74952000000.0
2024-06-10,MSB,15.15,14.85,14.95,14.9,11.46,7026500.0,105302000000.0
2024-06-07,MSB,15.0,14.75,14.9,14.8,11.38,3918700.0,58066000000.0
2024-06-06,MSB,14.85,14.65,14.75,14.8,11.38,5939700.0,87624000000.0
2024-06-05,MSB,14.9,14.6,14.85,14.7,11.31,4825000.0,71101000000.0
2024-06-04,MSB,14.95,14.7,14.8,14.75,11.35,6019600.0,89140000000.0
2024-06-03,MSB,14.95,14.35,14.4,14.75,11.35,12733800.0,187420000000.0
2024-05-31,MSB,14.3,14.1,14.2,14.3,11.0,3158300.0,44934000000.0
2024-05-30,MSB,14.2,13.95,14.15,14.2,10.92,4803800.0,67522000000.0
2024-05-29,MSB,14.35,14.2,14.35,14.2,10.92,3051000.0,43522000000.0
2024-05-28,MSB,14.35,14.2,14.35,14.35,11.04,3018500.0,43130000000.0
2024-05-27,MSB,14.3,14.15,14.15,14.3,11.0,1566000.0,22228000000.0
2024-05-24,MSB,14.5,14.0,14.25,14.25,10.96,7761800.0,110471000000.0
2024-05-23,MSB,14.3,14.1,14.3,14.3,11.0,3521900.0,50062000000.0
2024-05-22,MSB,14.45,14.2,14.45,14.3,11.0,4967600.0,70976000000.0
2024-05-21,MSB,14.45,14.2,14.45,14.4,11.08,4464000.0,63894000000.0
2024-05-20,MSB,14.55,14.3,14.4,14.45,11.11,5601600.0,80685000000.0
2024-05-17,MSB,14.4,14.25,14.35,14.3,11.0,4058000.0,58137000000.0
2024-05-16,MSB,14.35,14.1,14.15,14.35,11.04,7184300.0,102188000000.0
2024-05-15,MSB,14.1,13.9,14.05,14.1,10.85,3261500.0,45705000000.0
2024-05-14,MSB,14.15,13.9,14.05,14.0,10.77,3465700.0,48560000000.0
2024-05-13,MSB,14.05,13.9,14.0,13.95,10.73,2637900.0,36852000000.0
2024-05-10,MSB,14.2,13.85,14.2,14.1,10.85,4635300.0,64837000000.0
2024-05-09,MSB,14.25,14.0,14.15,14.15,10.88,4028600.0,56932000000.0
2024-05-08,MSB,14.2,13.9,14.1,14.15,10.88,4631600.0,65125000000.0
2024-05-07,MSB,14.3,13.9,14.1,14.15,10.88,6248900.0,87875000000.0
2024-05-06,MSB,14.0,13.6,13.7,14.0,10.77,5594700.0,77231000000.0
2024-05-03,MSB,13.75,13.5,13.7,13.55,10.42,4510300.0,61257000000.0
2024-05-02,MSB,13.65,13.5,13.6,13.6,10.46,2135400.0,28967000000.0
2024-04-26,MSB,13.65,13.45,13.5,13.6,10.46,3373000.0,45666000000.0
2024-04-25,MSB,13.8,13.4,13.8,13.55,10.42,6244200.0,84519000000.0
2024-04-24,MSB,13.85,13.65,13.7,13.75,10.58,5129000.0,70448000000.0
2024-04-23,MSB,13.85,13.5,13.6,13.6,10.46,7195800.0,98254000000.0
2024-04-22,MSB,13.6,13.45,13.5,13.55,10.42,3539400.0,47846000000.0
2024-04-19,MSB,13.55,13.1,13.1,13.45,10.35,9235800.0,122803000000.0
2024-04-17,MSB,13.75,13.2,13.65,13.2,10.15,7897800.0,106078000000.0
2024-04-16,MSB,14.0,13.3,13.9,13.6,10.46,11950900.0,162906000000.0
2024-04-15,MSB,14.75,13.8,14.65,13.8,10.62,12403700.0,177959000000.0
2024-04-12,MSB,14.75,14.3,14.35,14.65,11.27,6020100.0,87367000000.0
2024-04-11,MSB,14.4,14.2,14.25,14.35,11.04,2494900.0,35714000000.0
2024-04-10,MSB,14.6,14.35,14.55,14.35,11.04,3781700.0,54754000000.0
2024-04-09,MSB,14.45,14.25,14.25,14.45,11.11,3959600.0,56690000000.0
2024-04-08,MSB,14.4,14.2,14.2,14.2,10.92,3993000.0,57056000000.0
2024-04-05,MSB,14.4,14.2,14.35,14.2,10.92,5761300.0,82306000000.0
2024-04-04,MSB,14.6,14.4,14.6,14.4,11.08,4895000.0,70829000000.0
2024-04-03,MSB,14.95,14.55,14.65,14.55,11.19,12351600.0,181849000000.0
2024-04-02,MSB,14.65,14.2,14.35,14.6,11.23,6663200.0,95676000000.0
2024-04-01,MSB,14.6,14.35,14.55,14.4,11.08,6227400.0,89997000000.0
2024-03-29,MSB,14.8,14.55,14.8,14.55,11.19,8241300.0,120473000000.0
2024-03-28,MSB,15.05,14.75,14.85,14.9,11.46,5537300.0,82378000000.0
2024-03-27,MSB,14.9,14.75,14.9,14.75,11.35,5056500.0,74937000000.0
2024-03-26,MSB,14.85,14.65,14.65,14.8,11.38,5484000.0,80930000000.0
2024-03-25,MSB,15.05,14.7,15.0,14.75,11.35,9029400.0,134225000000.0
2024-03-22,MSB,15.4,14.9,15.0,15.05,11.58,14603000.0,221135000000.0
2024-03-21,MSB,14.95,14.65,14.9,14.9,11.46,8616800.0,127467000000.0
2024-03-20,MSB,14.8,14.3,14.35,14.8,11.38,10665000.0,155707000000.0
2024-03-19,MSB,14.35,14.05,14.25,14.35,11.04,6360700.0,90374000000.0
2024-03-18,MSB,14.85,13.85,14.75,14.2,10.92,17244600.0,245909000000.0
2024-03-15,MSB,14.8,14.45,14.7,14.7,11.31,10181900.0,148460000000.0
2024-03-14,MSB,15.05,14.7,15.05,14.7,11.31,8052300.0,119396000000.0
2024-03-13,MSB,15.0,14.65,14.75,14.95,11.5,6676800.0,98641000000.0
2024-03-12,MSB,14.8,14.6,14.7,14.7,11.31,8452900.0,124117000000.0
2024-03-11,MSB,14.9,14.6,14.85,14.7,11.31,9212200.0,135891000000.0
2024-03-08,MSB,15.45,14.85,15.35,14.85,11.42,22194800.0,334000000000.0
2024-03-07,MSB,15.6,15.3,15.55,15.35,11.81,10279900.0,158347000000.0
2024-03-06,MSB,15.9,15.45,15.7,15.5,11.92,5658400.0,88900000000.0
2024-03-05,MSB,15.7,15.5,15.55,15.7,12.08,7318200.0,114192000000.0
2024-03-04,MSB,15.75,15.45,15.75,15.55,11.96,12982700.0,202190000000.0
2024-03-01,MSB,16.0,15.6,15.9,15.75,12.11,10551000.0,166302000000.0
2024-02-29,MSB,16.45,15.85,16.05,15.9,12.23,19144100.0,308440000000.0
2024-02-28,MSB,15.8,15.3,15.6,15.8,12.15,17548100.0,273585000000.0
2024-02-27,MSB,15.65,15.4,15.6,15.5,11.92,10235700.0,158636000000.0
2024-02-26,MSB,15.55,15.3,15.3,15.55,11.96,10716400.0,165090000000.0
2024-02-23,MSB,16.1,15.3,15.7,15.4,11.85,24973400.0,393830000000.0
2024-02-22,MSB,15.85,15.45,15.85,15.7,12.08,14005200.0,218595000000.0
2024-02-21,MSB,16.15,15.4,15.55,15.85,12.19,22893800.0,360425000000.0
2024-02-20,MSB,15.65,15.3,15.6,15.6,12.0,10469100.0,162017000000.0
2024-02-19,MSB,15.9,15.15,15.25,15.6,12.0,23243600.0,362532000000.0
2024-02-16,MSB,15.35,15.0,15.25,15.2,11.69,10820600.0,164108000000.0
2024-02-15,MSB,15.05,14.2,14.2,15.05,11.58,35348400.0,524129000000.0
2024-02-07,MSB,14.1,13.9,13.9,14.1,10.85,7464100.0,104466000000.0
2024-02-06,MSB,14.0,13.85,14.0,13.95,10.73,4200800.0,58503000000.0
2024-02-05,MSB,13.9,13.55,13.6,13.9,10.69,6076800.0,83526000000.0
2024-02-02,MSB,13.6,13.45,13.5,13.5,10.38,5418200.0,73225000000.0
2024-02-01,MSB,13.7,13.5,13.6,13.5,10.38,5697500.0,77335000000.0
2024-01-31,MSB,13.95,13.55,13.9,13.6,10.46,5579300.0,76610000000.0
2024-01-30,MSB,14.15,13.8,13.85,13.9,10.69,6390000.0,89248000000.0
2024-01-29,MSB,13.95,13.8,13.9,13.85,10.65,3770000.0,52223000000.0
2024-01-26,MSB,13.9,13.75,13.75,13.85,10.65,2694000.0,37273000000.0
2024-01-25,MSB,13.85,13.75,13.85,13.75,10.58,3630700.0,50103000000.0
2024-01-24,MSB,14.0,13.8,14.0,13.85,10.65,4641000.0,64529000000.0
2024-01-23,MSB,14.2,13.9,14.2,13.95,10.73,4494500.0,63005000000.0
2024-01-22,MSB,14.2,14.0,14.15,14.1,10.85,5958000.0,83894000000.0
2024-01-19,MSB,14.05,13.85,13.85,14.05,10.81,8768900.0,122339000000.0
2024-01-18,MSB,13.85,13.7,13.85,13.85,10.65,4358300.0,60062000000.0
2024-01-17,MSB,13.95,13.8,13.9,13.8,10.62,5400900.0,74865000000.0
2024-01-16,MSB,13.9,13.65,13.7,13.9,10.69,4577500.0,62837000000.0
2024-01-15,MSB,14.15,13.7,14.05,13.7,10.54,4833900.0,67362000000.0
2024-01-12,MSB,14.0,13.65,13.8,13.95,10.73,9395300.0,130033000000.0
2024-01-11,MSB,14.2,13.8,13.85,13.9,10.69,13250100.0,185930000000.0
2024-01-10,MSB,13.95,13.7,13.8,13.85,10.65,12406100.0,171861000000.0
2024-01-09,MSB,13.9,13.55,13.65,13.8,10.62,12395600.0,170381000000.0
2024-01-08,MSB,13.75,13.4,13.6,13.6,10.46,8588600.0,116714000000.0
2024-01-05,MSB,13.6,13.4,13.55,13.55,10.42,7243200.0,97839000000.0
2024-01-04,MSB,13.8,13.05,13.05,13.45,10.35,22665100.0,304410000000.0
2024-01-03,MSB,13.05,12.8,12.95,13.05,10.04,6680700.0,86363000000.0
2024-01-02,MSB,13.05,12.9,13.0,13.0,10.0,4515700.0,58566000000.0
2023-12-29,MSB,13.05,12.75,12.8,13.0,10.0,6731800.0,87059000000.0
2023-12-28,MSB,12.85,12.7,12.7,12.8,9.85,2740100.0,34999000000.0
2023-12-27,MSB,12.8,12.65,12.7,12.8,9.85,5116000.0,65023000000.0
2023-12-26,MSB,12.75,12.6,12.7,12.7,9.77,2680300.0,33866000000.0
2023-12-25,MSB,12.75,12.6,12.6,12.7,9.77,3385700.0,42884000000.0
2023-12-22,MSB,12.7,12.5,12.6,12.6,9.69,2554300.0,32133000000.0
2023-12-21,MSB,12.65,12.5,12.55,12.6,9.69,2304900.0,28917000000.0
2023-12-20,MSB,12.7,12.5,12.7,12.55,9.65,2818800.0,35472000000.0
2023-12-19,MSB,12.7,12.5,12.65,12.65,9.73,2744600.0,34536000000.0
2023-12-18,MSB,12.75,12.55,12.7,12.7,9.77,2539900.0,32065000000.0
2023-12-15,MSB,12.8,12.65,12.8,12.7,9.77,2158900.0,27425000000.0
2023-12-14,MSB,12.9,12.65,12.8,12.8,9.85,2470000.0,31526000000.0
2023-12-13,MSB,13.0,12.7,13.0,12.75,9.81,4403800.0,56697000000.0
2023-12-12,MSB,13.0,12.9,13.0,12.95,9.96,2280500.0,29556000000.0
2023-12-11,MSB,13.15,12.95,13.1,12.95,9.96,2559200.0,33339000000.0
2023-12-08,MSB,13.15,12.95,13.0,13.05,10.04,4288800.0,55996000000.0
2023-12-07,MSB,13.25,12.9,13.05,13.0,10.0,6952700.0,90921000000.0
2023-12-06,MSB,13.0,12.8,12.9,13.0,10.0,3900500.0,50493000000.0
2023-12-05,MSB,13.05,12.8,13.05,12.9,9.92,2955300.0,38154000000.0
2023-12-04,MSB,13.0,12.8,12.8,13.0,10.0,4632200.0,59890000000.0
2023-12-01,MSB,12.8,12.6,12.8,12.8,9.85,1611700.0,20503000000.0
2023-11-30,MSB,12.9,12.7,12.85,12.8,9.85,2356200.0,30175000000.0
2023-11-29,MSB,12.85,12.7,12.75,12.8,9.85,1785200.0,22795000000.0
2023-11-28,MSB,12.8,12.5,12.7,12.75,9.81,2909100.0,36714000000.0
2023-11-27,MSB,12.85,12.65,12.85,12.7,9.77,2945100.0,37537000000.0
2023-11-24,MSB,12.9,12.55,12.85,12.85,9.88,5019700.0,63861000000.0
2023-11-23,MSB,13.15,12.85,13.1,12.85,9.88,4272300.0,55700000000.0
2023-11-22,MSB,13.05,12.9,13.0,13.05,10.04,2389300.0,31052000000.0
2023-11-21,MSB,13.15,12.9,13.05,13.0,10.0,3781500.0,49197000000.0
2023-11-20,MSB,13.15,12.8,12.8,13.0,10.0,4407500.0,57051000000.0
2023-11-17,MSB,13.5,13.1,13.5,13.1,10.08,8083200.0,107474000000.0
2023-11-16,MSB,13.5,13.3,13.45,13.45,10.35,4020500.0,53905000000.0
2023-11-15,MSB,13.7,13.4,13.7,13.5,10.38,5207100.0,70553000000.0
2023-11-14,MSB,13.7,13.15,13.2,13.5,10.38,13968900.0,188289000000.0
2023-11-13,MSB,13.25,12.95,13.15,13.15,10.12,4260000.0,55906000000.0
2023-11-10,MSB,13.2,13.0,13.1,13.15,10.12,6600000.0,86375000000.0
2023-11-09,MSB,13.45,13.15,13.4,13.2,10.15,6534500.0,86979000000.0
2023-11-08,MSB,13.35,12.8,13.0,13.35,10.27,6377400.0,83488000000.0
2023-11-07,MSB,13.25,12.9,13.2,12.9,9.92,4434500.0,57849000000.0
2023-11-06,MSB,13.35,13.05,13.35,13.3,10.23,5632400.0,74266000000.0
2023-11-03,MSB,13.4,12.9,13.05,13.3,10.23,13445800.0,177536000000.0
2023-11-02,MSB,13.0,12.55,12.65,13.0,10.0,6174100.0,79031000000.0
2023-11-01,MSB,12.6,12.15,12.3,12.6,9.69,4519000.0,55830000000.0
2023-10-31,MSB,12.4,12.05,12.35,12.25,9.42,4269600.0,52539000000.0
2023-10-30,MSB,12.6,12.25,12.25,12.35,9.5,3532100.0,43911000000.0
2023-10-27,MSB,12.55,12.1,12.45,12.3,9.46,6531500.0,80352000000.0
2023-10-26,MSB,12.95,12.15,12.7,12.2,9.38,13538900.0,167426000000.0
2023-10-25,MSB,13.25,13.0,13.1,13.05,10.04,4751900.0,62417000000.0
2023-10-24,MSB,13.05,12.8,12.8,13.0,10.0,3724900.0,48157000000.0
2023-10-23,MSB,13.0,12.6,13.0,12.8,9.85,3899100.0,49897000000.0
2023-10-20,MSB,13.0,12.55,12.6,13.0,10.0,5562100.0,70856000000.0
2023-10-19,MSB,13.2,12.65,13.15,12.65,9.73,7363400.0,94947000000.0
2023-10-18,MSB,13.6,12.95,13.55,13.15,10.12,7453400.0,99111000000.0
2023-10-17,MSB,13.8,13.5,13.75,13.5,10.38,5752000.0,78415000000.0
2023-10-16,MSB,13.95,13.65,13.95,13.7,10.54,3599800.0,49658000000.0
2023-10-13,MSB,14.05,13.8,13.9,13.95,10.73,3743600.0,52076000000.0
2023-10-12,MSB,14.1,13.95,14.05,14.05,10.81,6480600.0,90859000000.0
2023-10-11,MSB,14.0,13.8,14.0,14.0,10.77,4229200.0,58779000000.0
2023-10-10,MSB,14.1,13.9,13.95,13.95,10.73,4990400.0,69746000000.0
2023-10-09,MSB,13.9,13.75,13.85,13.9,10.69,2941100.0,40705000000.0
2023-10-06,MSB,13.85,13.55,13.6,13.85,10.65,3515300.0,48189000000.0
2023-10-05,MSB,13.9,13.6,13.8,13.6,10.46,3089100.0,42351000000.0
2023-10-04,MSB,13.85,13.35,13.4,13.8,10.62,4065100.0,55552000000.0
2023-10-03,MSB,13.9,13.35,13.9,13.5,10.38,7304300.0,99252000000.0
2023-10-02,MSB,14.1,13.75,13.8,14.0,10.77,6239800.0,86895000000.0
2023-09-29,MSB,13.8,13.6,13.75,13.75,10.58,3243400.0,44403000000.0
2023-09-28,MSB,13.8,13.5,13.7,13.65,10.5,4977000.0,67835000000.0
2023-09-27,MSB,13.75,13.35,13.5,13.75,10.58,6068100.0,81989000000.0
2023-09-26,MSB,13.8,13.5,13.5,13.5,10.38,7848000.0,107057000000.0
2023-09-25,MSB,14.5,13.4,14.4,13.5,10.38,15135600.0,209444000000.0
2023-09-22,MSB,14.6,13.95,14.6,14.4,11.08,17520500.0,250882000000.0
2023-09-21,MSB,15.15,14.7,15.1,14.85,11.42,12886800.0,191802000000.0
2023-09-20,MSB,15.35,14.8,14.9,15.1,11.61,21526200.0,325490000000.0
2023-09-19,MSB,14.9,14.3,14.65,14.9,11.46,11811000.0,172692000000.0
2023-09-18,MSB,14.85,14.3,14.85,14.5,11.15,12404200.0,180177000000.0
2023-09-15,MSB,15.1,14.8,14.95,14.85,11.42,10387100.0,155078000000.0
2023-09-14,MSB,15.15,14.6,14.65,14.8,11.38,22396500.0,333907000000.0
2023-09-13,MSB,14.75,14.4,14.75,14.6,11.23,11419600.0,166905000000.0
2023-09-12,MSB,14.6,14.2,14.25,14.6,11.23,9529800.0,137703000000.0
2023-09-11,MSB,14.85,14.05,14.85,14.25,10.96,16704600.0,243112000000.0
2023-09-08,MSB,15.05,14.7,14.9,14.75,11.35,10996100.0,163584000000.0
2023-09-07,MSB,15.3,14.95,15.0,15.0,11.54,17704500.0,267649000000.0
2023-09-06,MSB,14.9,14.65,14.9,14.9,11.46,13377900.0,197569000000.0
2023-09-05,MSB,14.95,14.0,14.15,14.9,11.46,24325900.0,357789000000.0
2023-08-31,MSB,14.2,13.95,14.0,14.0,10.77,7481100.0,105204000000.0
2023-08-30,MSB,14.0,13.75,13.95,14.0,10.77,5037300.0,69920000000.0
2023-08-29,MSB,14.05,13.75,13.75,13.95,10.73,7304200.0,101548000000.0
2023-08-28,MSB,13.75,13.55,13.55,13.7,10.54,5237800.0,71496000000.0
2023-08-25,MSB,13.65,13.5,13.65,13.55,10.42,4771100.0,64772000000.0
2023-08-24,MSB,13.65,13.5,13.55,13.65,10.5,3646000.0,49469000000.0
2023-08-23,MSB,13.8,13.55,13.75,13.55,10.42,3284300.0,44787000000.0
2023-08-22,MSB,13.65,13.25,13.6,13.65,10.5,7908900.0,106400000000.0
2023-08-21,MSB,13.65,13.3,13.3,13.55,10.42,7808100.0,105169000000.0
2023-08-18,MSB,14.0,13.2,13.95,13.3,10.23,18526800.0,251587000000.0
2023-08-17,MSB,14.2,14.05,14.15,14.05,10.81,8386000.0,118429000000.0
2023-08-16,MSB,14.25,14.0,14.1,14.15,10.88,9350000.0,132256000000.0
2023-08-15,MSB,14.4,14.1,14.35,14.1,10.85,5223400.0,74216000000.0
2023-08-14,MSB,14.45,14.25,14.4,14.4,11.08,7068000.0,101396000000.0
2023-08-11,MSB,14.4,14.0,14.2,14.4,11.08,10987800.0,155847000000.0
2023-08-10,MSB,14.2,14.05,14.1,14.2,10.92,8079300.0,114078000000.0
2023-08-09,MSB,14.3,14.05,14.25,14.2,10.92,11307500.0,160110000000.0
2023-08-08,MSB,14.65,14.3,14.65,14.4,11.08,13866500.0,200295000000.0
2023-08-07,MSB,14.9,14.5,14.6,14.65,11.27,12380500.0,181473000000.0
2023-08-04,MSB,14.4,14.0,14.05,14.4,11.08,12831600.0,182096000000.0
2023-08-03,MSB,14.25,14.0,14.1,14.05,10.81,11042100.0,155541000000.0
2023-08-02,MSB,14.15,13.9,14.05,14.1,10.85,10235300.0,143749000000.0
2023-08-01,MSB,14.3,13.75,13.8,14.0,10.77,19944000.0,280718000000.0
2023-07-31,MSB,13.95,13.7,13.8,13.75,10.58,10658500.0,147127000000.0
2023-07-28,MSB,13.75,13.35,13.5,13.7,10.54,31275000.0,424835000000.0
2023-07-27,MSB,13.5,13.25,13.4,13.4,10.31,20227300.0,271354000000.0
2023-07-26,MSB,13.6,13.35,13.5,13.4,10.31,19698900.0,266114000000.0
2023-07-25,MSB,13.8,13.5,13.7,13.5,10.38,29413500.0,402738000000.0
2023-07-24,MSB,13.6,13.2,13.3,13.6,10.46,22384600.0,298635000000.0
2023-07-21,MSB,13.45,13.2,13.4,13.25,10.19,18768700.0,249954000000.0
2023-07-20,MSB,13.3,12.8,12.85,13.2,10.15,22545100.0,292469000000.0
2023-07-19,MSB,13.0,12.8,12.9,12.85,9.88,6041600.0,77971000000.0
2023-07-18,MSB,12.9,12.75,12.8,12.9,9.92,5208800.0,66782000000.0
2023-07-17,MSB,12.85,12.7,12.8,12.8,9.85,4443800.0,56700000000.0
2023-07-14,MSB,13.05,12.6,13.0,12.7,9.77,8648700.0,110762000000.0
2023-07-13,MSB,13.05,12.85,13.0,12.95,9.96,5493500.0,71033000000.0
2023-07-12,MSB,13.1,12.9,13.1,12.95,9.96,3427500.0,44435000000.0
2023-07-11,MSB,13.05,12.8,12.8,13.0,10.0,11512700.0,149245000000.0
2023-07-10,MSB,12.8,12.7,12.75,12.75,9.81,5272100.0,67192000000.0
2023-07-07,MSB,12.65,12.5,12.6,12.65,9.73,3442500.0,43261000000.0
2023-07-06,MSB,12.75,12.45,12.7,12.6,9.69,4531700.0,57000000000.0
2023-07-05,MSB,12.8,12.65,12.7,12.7,9.77,3963600.0,50356000000.0
2023-07-04,MSB,12.7,12.55,12.65,12.7,9.77,3397100.0,42935000000.0
2023-07-03,MSB,12.65,12.55,12.65,12.65,9.73,3871400.0,48731000000.0
2023-06-30,MSB,12.75,12.5,12.75,12.6,9.69,8445700.0,106367000000.0
2023-06-29,MSB,13.0,12.7,12.95,12.75,9.81,4963200.0,63622000000.0
2023-06-28,MSB,13.0,12.75,12.8,12.95,9.96,5718500.0,73635000000.0
2023-06-27,MSB,12.85,12.7,12.85,12.8,9.85,5211300.0,66596000000.0
2023-06-26,MSB,13.05,12.7,13.0,12.8,9.85,4858100.0,62330000000.0
2023-06-23,MSB,13.15,12.9,13.05,13.0,10.0,5534900.0,72232000000.0
2023-06-22,MSB,13.1,12.95,13.0,13.05,10.04,6452200.0,84100000000.0
2023-06-21,MSB,12.95,12.8,12.9,12.95,9.96,3892000.0,50048000000.0
2023-06-20,MSB,12.9,12.7,12.8,12.9,9.92,2958500.0,37765000000.0
2023-06-19,MSB,12.95,12.7,12.95,12.8,9.85,3045300.0,38951000000.0
2023-06-16,MSB,13.05,12.8,13.0,12.9,9.92,6198200.0,80162000000.0
2023-06-15,MSB,13.0,12.75,12.95,12.95,9.96,4428500.0,56932000000.0
2023-06-14,MSB,13.3,12.9,13.1,12.9,9.92,5095400.0,66575000000.0
2023-06-13,MSB,13.15,12.9,13.15,13.1,10.08,6454200.0,84036000000.0
2023-06-12,MSB,13.2,12.9,13.15,13.1,10.08,5918200.0,77374000000.0
2023-06-09,MSB,13.1,12.6,12.65,13.1,10.08,7633900.0,98460000000.0
2023-06-08,MSB,13.0,12.65,13.0,12.7,9.77,6087100.0,77748000000.0
2023-06-07,MSB,13.1,12.75,12.8,13.0,10.0,8018900.0,103523000000.0
2023-06-06,MSB,12.8,12.55,12.6,12.8,9.85,6547200.0,82955000000.0
2023-06-05,MSB,12.85,12.5,12.8,12.65,9.73,6202700.0,78328000000.0
2023-06-02,MSB,12.75,12.4,12.45,12.7,9.77,8977500.0,112935000000.0
2023-06-01,MSB,12.35,11.95,12.0,12.3,9.46,4706700.0,57052000000.0
2023-05-31,MSB,12.05,11.95,12.05,12.0,9.23,1917300.0,23007000000.0
2023-05-30,MSB,12.1,11.9,12.0,12.0,9.23,2076600.0,24887000000.0
2023-05-29,MSB,12.0,11.9,11.95,11.95,9.19,1313200.0,15691000000.0
2023-05-26,MSB,12.0,11.85,11.95,11.85,9.12,1456600.0,17327000000.0
2023-05-25,MSB,12.05,11.9,12.05,11.95,9.19,1712100.0,20456000000.0
2023-05-24,MSB,12.15,12.0,12.15,12.0,9.23,1714800.0,20635000000.0
2023-05-23,MSB,12.2,12.05,12.2,12.15,9.35,1577200.0,19100000000.0
2023-05-22,MSB,12.15,12.05,12.1,12.15,9.35,3016800.0,36492000000.0
2023-05-19,MSB,12.1,11.95,12.05,12.1,9.31,2405900.0,28926000000.0
2023-05-18,MSB,12.15,12.0,12.05,12.05,9.27,1947200.0,23487000000.0
2023-05-17,MSB,12.2,12.0,12.2,12.0,9.23,2067600.0,24927000000.0
2023-05-16,MSB,12.25,12.1,12.25,12.1,9.31,1624800.0,19753000000.0
2023-05-15,MSB,12.4,12.15,12.25,12.25,9.42,3259800.0,39975000000.0
2023-05-12,MSB,12.25,12.0,12.15,12.25,9.42,2931700.0,35420000000.0
2023-05-11,MSB,12.3,12.15,12.25,12.15,9.35,1324600.0,16141000000.0
2023-05-10,MSB,12.25,12.0,12.1,12.25,9.42,2289500.0,27748000000.0
2023-05-09,MSB,12.15,12.0,12.1,12.1,9.31,2057100.0,24780000000.0
2023-05-08,MSB,12.15,11.95,12.0,12.15,9.35,3046000.0,36606000000.0
2023-05-05,MSB,12.05,11.9,12.0,11.9,9.15,1974800.0,23567000000.0
2023-05-04,MSB,12.05,11.8,11.85,12.0,9.23,2524200.0,30236000000.0
2023-04-28,MSB,11.9,11.7,11.75,11.75,9.04,9223300.0,108439000000.0
2023-04-27,MSB,11.95,11.75,11.95,11.75,9.04,3118500.0,36891000000.0
2023-04-26,MSB,12.0,11.75,12.0,11.85,9.12,2954800.0,34987000000.0
2023-04-25,MSB,12.35,11.95,12.3,11.95,9.19,3456100.0,41660000000.0
2023-04-24,MSB,12.35,12.15,12.25,12.2,9.38,3041900.0,37184000000.0
2023-04-21,MSB,12.45,12.1,12.4,12.35,9.5,3022200.0,37090000000.0
2023-04-20,MSB,12.4,12.2,12.4,12.35,9.5,1924500.0,23615000000.0
2023-04-19,MSB,12.6,12.25,12.6,12.35,9.5,3118000.0,38678000000.0
2023-04-18,MSB,12.7,12.45,12.7,12.55,9.65,1892300.0,23773000000.0
2023-04-17,MSB,12.75,12.55,12.7,12.7,9.77,1734300.0,21894000000.0
2023-04-14,MSB,12.9,12.4,12.5,12.7,9.77,6130000.0,77586000000.0
2023-04-13,MSB,12.55,12.35,12.5,12.45,9.58,1267000.0,15756000000.0
2023-04-12,MSB,12.55,12.4,12.5,12.5,9.62,2131300.0,26606000000.0
2023-04-11,MSB,12.5,12.25,12.35,12.5,9.62,2130200.0,26295000000.0
2023-04-10,MSB,12.65,12.35,12.55,12.35,9.5,2974800.0,37140000000.0
2023-04-07,MSB,12.65,12.4,12.5,12.5,9.62,1736000.0,21710000000.0
2023-04-06,MSB,12.7,12.5,12.65,12.5,9.62,3478700.0,43873000000.0
2023-04-05,MSB,12.75,12.5,12.75,12.65,9.73,3131600.0,39437000000.0
2023-04-04,MSB,12.8,12.55,12.7,12.75,9.81,3116500.0,39335000000.0
2023-04-03,MSB,12.8,12.55,12.8,12.7,9.77,2221200.0,28110000000.0
2023-03-31,MSB,12.65,12.35,12.45,12.6,9.69,3557100.0,44523000000.0
2023-03-30,MSB,12.6,12.35,12.4,12.5,9.62,3837400.0,47843000000.0
2023-03-29,MSB,12.2,12.05,12.2,12.2,9.38,1200200.0,14552000000.0
2023-03-28,MSB,12.25,12.1,12.15,12.2,9.38,1936700.0,23577000000.0
2023-03-27,MSB,12.2,12.05,12.15,12.15,9.35,819400.0,9929000000.0
2023-03-24,MSB,12.15,12.05,12.1,12.15,9.35,1155100.0,13976000000.0
2023-03-23,MSB,12.1,11.9,12.0,12.1,9.31,849500.0,10192000000.0
2023-03-22,MSB,12.15,12.0,12.0,12.05,9.27,522400.0,6284000000.0
2023-03-21,MSB,12.0,11.9,12.0,12.0,9.23,852300.0,10199000000.0
2023-03-20,MSB,12.15,11.8,12.1,11.95,9.19,1583400.0,18981000000.0
2023-03-17,MSB,12.2,12.05,12.1,12.15,9.35,740400.0,8970000000.0
2023-03-16,MSB,12.25,12.0,12.15,12.05,9.27,1283400.0,15537000000.0
2023-03-15,MSB,12.3,12.0,12.1,12.25,9.42,1935000.0,23579000000.0
2023-03-14,MSB,12.15,11.85,12.1,12.0,9.23,1450900.0,17331000000.0
2023-03-13,MSB,12.2,12.0,12.0,12.1,9.31,1744800.0,21098000000.0
2023-03-10,MSB,12.35,12.15,12.35,12.3,9.46,1323200.0,16184000000.0
2023-03-09,MSB,12.45,12.2,12.3,12.4,9.54,2258100.0,27770000000.0
2023-03-08,MSB,12.3,12.0,12.05,12.3,9.46,1714500.0,20826000000.0
2023-03-07,MSB,12.25,12.05,12.2,12.2,9.38,1182400.0,14351000000.0
2023-03-06,MSB,12.3,12.05,12.3,12.2,9.38,1508500.0,18347000000.0
2023-03-03,MSB,12.45,12.0,12.35,12.1,9.31,1230600.0,14928000000.0
2023-03-02,MSB,12.45,12.2,12.4,12.35,9.5,897300.0,11044000000.0
2023-03-01,MSB,12.4,11.95,12.1,12.4,9.54,2761500.0,33374000000.0
2023-02-28,MSB,12.1,11.8,12.1,12.05,9.27,889600.0,10623000000.0
2023-02-27,MSB,12.2,11.8,11.9,12.0,9.23,2395300.0,28590000000.0
2023-02-24,MSB,12.55,12.05,12.55,12.2,9.38,1535600.0,18727000000.0
2023-02-23,MSB,12.5,12.15,12.4,12.5,9.62,1813300.0,22303000000.0
2023-02-22,MSB,12.75,12.45,12.7,12.45,9.58,2029500.0,25502000000.0
2023-02-21,MSB,13.05,12.8,13.0,12.9,9.92,1592800.0,20520000000.0
2023-02-20,MSB,13.0,12.5,12.55,13.0,10.0,2276200.0,28890000000.0
2023-02-17,MSB,12.5,12.3,12.4,12.5,9.62,1111700.0,13753000000.0
2023-02-16,MSB,12.45,12.2,12.35,12.4,9.54,1366600.0,16818000000.0
2023-02-15,MSB,12.35,12.2,12.3,12.3,9.46,1042500.0,12791000000.0
2023-02-14,MSB,12.3,12.2,12.2,12.25,9.42,727400.0,8903000000.0
2023-02-13,MSB,12.45,12.05,12.4,12.2,9.38,1435500.0,17500000000.0
2023-02-10,MSB,12.65,12.45,12.6,12.55,9.65,1356800.0,17016000000.0
2023-02-09,MSB,12.7,12.45,12.65,12.65,9.73,1872100.0,23589000000.0
2023-02-08,MSB,12.7,12.35,12.65,12.7,9.77,2483400.0,31187000000.0
2023-02-07,MSB,12.95,12.4,12.95,12.6,9.69,2063300.0,26094000000.0
2023-02-06,MSB,12.85,12.25,12.45,12.85,9.88,1693400.0,21237000000.0
2023-02-03,MSB,12.9,12.15,12.9,12.15,9.35,9567500.0,117905000000.0
2023-02-02,MSB,13.1,12.75,13.05,12.9,9.92,2129900.0,27414000000.0
2023-02-01,MSB,13.65,13.0,13.5,13.0,10.0,2386200.0,31686000000.0
2023-01-31,MSB,13.5,13.2,13.4,13.5,10.38,2167300.0,28942000000.0
2023-01-30,MSB,13.65,13.3,13.65,13.45,10.35,2764000.0,37106000000.0
2023-01-27,MSB,13.65,13.45,13.45,13.6,10.46,1942400.0,26313000000.0
2023-01-19,MSB,13.45,13.2,13.25,13.45,10.35,1998500.0,26597000000.0
2023-01-18,MSB,13.5,13.05,13.3,13.4,10.31,2118300.0,28045000000.0
2023-01-17,MSB,13.35,13.2,13.3,13.3,10.23,2645700.0,35119000000.0
2023-01-16,MSB,13.25,13.05,13.2,13.25,10.19,1565200.0,20572000000.0
2023-01-13,MSB,13.3,13.05,13.25,13.2,10.15,2652200.0,35009000000.0
2023-01-12,MSB,13.2,12.95,13.05,13.2,10.15,2128700.0,27814000000.0
2023-01-11,MSB,13.15,12.9,13.1,13.05,10.04,2313900.0,30093000000.0
2023-01-10,MSB,13.1,12.7,12.7,13.0,10.0,2735300.0,35402000000.0
2023-01-09,MSB,13.0,12.75,13.0,12.8,9.85,1474400.0,18960000000.0
2023-01-06,MSB,13.05,12.6,12.7,12.8,9.85,3874200.0,49699000000.0
2023-01-05,MSB,12.8,12.55,12.8,12.65,9.73,1667200.0,21132000000.0
2023-01-04,MSB,12.85,12.55,12.75,12.75,9.81,1423300.0,18084000000.0
2023-01-03,MSB,12.75,12.4,12.5,12.75,9.81,1917400.0,24226000000.0
2022-12-30,MSB,12.5,12.1,12.25,12.5,9.62,1660900.0,20466000000.0
2022-12-29,MSB,12.4,12.15,12.35,12.3,9.46,797300.0,9772000000.0
2022-12-28,MSB,12.4,11.95,12.3,12.4,9.54,842000.0,10257000000.0
2022-12-27,MSB,12.2,11.7,11.7,12.2,9.38,1276600.0,15287000000.0
2022-12-26,MSB,12.55,12.0,12.55,12.0,9.23,1373200.0,16725000000.0
2022-12-23,MSB,12.6,12.35,12.5,12.6,9.69,1326700.0,16555000000.0
2022-12-22,MSB,12.6,12.3,12.5,12.55,9.65,1110500.0,13818000000.0
2022-12-21,MSB,12.65,12.1,12.55,12.35,9.5,2455800.0,30395000000.0
2022-12-20,MSB,13.0,12.3,13.0,12.55,9.65,2073700.0,26050000000.0
2022-12-19,MSB,13.3,12.95,13.3,13.0,10.0,2339500.0,30690000000.0
2022-12-16,MSB,13.25,12.8,12.9,13.15,10.12,5127400.0,67058000000.0
2022-12-15,MSB,13.05,12.75,12.9,13.0,10.0,3225900.0,41681000000.0
2022-12-14,MSB,13.1,12.8,13.1,13.0,10.0,1520300.0,19615000000.0
2022-12-13,MSB,13.1,12.45,12.8,12.8,9.85,2063800.0,26190000000.0
2022-12-12,MSB,13.45,12.8,13.35,12.8,9.85,1460100.0,19094000000.0
2022-12-09,MSB,13.6,13.1,13.45,13.35,10.27,951600.0,12668000000.0
2022-12-08,MSB,13.55,13.0,13.0,13.5,10.38,1950600.0,26072000000.0
2022-12-07,MSB,13.3,12.5,13.2,13.0,10.0,1830400.0,23691000000.0
2022-12-06,MSB,13.85,13.2,13.7,13.2,10.15,2681000.0,36234000000.0
2022-12-05,MSB,14.0,13.6,14.0,13.95,10.73,3900200.0,54054000000.0
2022-12-02,MSB,13.85,13.1,13.2,13.85,10.65,3158900.0,42573000000.0
2022-12-01,MSB,13.45,12.95,13.1,13.35,10.27,3652800.0,48141000000.0
2022-11-30,MSB,13.05,12.8,12.95,13.0,10.0,2378900.0,30756000000.0
2022-11-29,MSB,13.0,12.3,13.0,12.9,9.92,3177100.0,40240000000.0
2022-11-28,MSB,12.8,12.3,12.4,12.8,9.85,3587100.0,44738000000.0
2022-11-25,MSB,12.2,12.0,12.0,12.2,9.38,2105100.0,25494000000.0
2022-11-24,MSB,12.0,11.75,11.95,11.9,9.15,752600.0,8942000000.0
2022-11-23,MSB,12.1,11.8,11.95,12.0,9.23,851900.0,10189000000.0
2022-11-22,MSB,12.2,11.8,11.9,11.95,9.19,2537400.0,30436000000.0
2022-11-21,MSB,12.0,11.8,11.95,11.85,9.12,736700.0,8757000000.0
2022-11-18,MSB,12.0,11.35,11.95,11.95,9.19,1648500.0,19477000000.0
2022-11-17,MSB,12.0,11.7,11.8,11.95,9.19,1233200.0,14658000000.0
2022-11-16,MSB,11.7,10.5,10.6,11.65,8.96,2661700.0,29210000000.0
2022-11-15,MSB,11.3,10.6,11.1,11.0,8.46,3399600.0,36908000000.0
2022-11-14,MSB,11.5,10.9,11.5,11.3,8.69,1845100.0,20655000000.0
2022-11-11,MSB,12.0,11.0,11.65,11.5,8.85,1602200.0,18657000000.0
2022-11-10,MSB,12.2,11.45,12.2,11.45,8.81,3126300.0,36181000000.0
2022-11-09,MSB,12.55,12.0,12.55,12.3,9.46,1480000.0,18159000000.0
2022-11-08,MSB,12.45,11.85,11.85,12.3,9.46,2365000.0,28717000000.0
2022-11-07,MSB,12.9,12.1,12.6,12.2,9.38,2035100.0,25149000000.0
2022-11-04,MSB,12.9,11.95,12.6,12.9,9.92,7672300.0,96291000000.0
2022-11-03,MSB,12.7,12.25,12.3,12.65,9.73,2068600.0,26040000000.0
2022-11-02,MSB,12.7,12.4,12.6,12.65,9.73,1858900.0,23378000000.0
2022-11-01,MSB,12.65,12.25,12.45,12.65,9.73,3631900.0,45337000000.0
2022-10-31,MSB,12.4,11.9,12.3,12.4,9.54,2489800.0,30197000000.0
2022-10-28,MSB,12.25,11.7,11.9,12.25,9.42,3780700.0,45373000000.0
2022-10-27,MSB,11.75,10.9,11.0,11.75,9.04,4197000.0,47395000000.0
2022-10-26,MSB,11.25,10.8,11.1,11.0,8.46,1401900.0,15469000000.0
2022-10-25,MSB,11.4,10.45,10.8,11.0,8.46,1721100.0,18851000000.0
2022-10-24,MSB,11.15,10.25,11.0,10.95,8.42,3333700.0,35642000000.0
2022-10-21,MSB,11.6,10.85,11.6,11.0,8.46,5352300.0,59208000000.0
2022-10-20,MSB,11.85,11.35,11.35,11.65,8.96,2888100.0,33653000000.0
2022-10-19,MSB,11.7,11.15,11.7,11.65,8.96,2454000.0,28154000000.0
2022-10-18,MSB,11.75,11.35,11.65,11.7,9.0,2502100.0,28994000000.0
2022-10-17,MSB,11.7,11.0,11.5,11.6,8.92,2994800.0,33820000000.0
2022-10-14,MSB,11.8,11.2,11.6,11.75,9.04,3509200.0,40412000000.0
2022-10-13,MSB,11.45,10.4,11.1,11.45,8.81,7426400.0,80229000000.0
2022-10-12,MSB,11.05,9.63,9.9,11.05,8.5,5698000.0,57543000000.0
2022-10-11,MSB,11.25,10.35,11.0,10.35,7.96,1876300.0,19845000000.0
2022-10-10,MSB,11.4,10.8,11.4,11.1,8.54,4258500.0,47288000000.0
2022-10-07,MSB,15.6,14.65,15.6,14.65,8.67,2853400.0,42351000000.0
2022-10-06,MSB,16.2,15.6,16.15,15.75,9.32,927300.0,14726000000.0
2022-10-05,MSB,16.2,15.9,16.05,16.15,9.56,1111200.0,17847000000.0
2022-10-04,MSB,16.4,15.85,16.3,16.0,9.47,1311500.0,21052000000.0
2022-10-03,MSB,16.6,15.7,16.6,16.0,9.47,995700.0,16118000000.0
2022-09-30,MSB,16.9,16.2,16.85,16.55,9.79,964700.0,16007000000.0
2022-09-29,MSB,17.5,16.75,17.05,16.9,10.0,851200.0,14470000000.0
2022-09-28,MSB,17.05,16.55,17.05,16.95,10.03,885900.0,14920000000.0
2022-09-27,MSB,17.15,16.95,17.1,17.0,10.06,719600.0,12234000000.0
2022-09-26,MSB,17.45,16.8,17.45,17.1,10.12,1245600.0,21271000000.0
2022-09-23,MSB,17.65,17.45,17.5,17.55,10.38,670700.0,11767000000.0
2022-09-22,MSB,17.6,17.35,17.45,17.5,10.35,808500.0,14143000000.0
2022-09-21,MSB,17.6,17.4,17.45,17.6,10.41,396700.0,6946000000.0
2022-09-20,MSB,17.7,17.2,17.5,17.6,10.41,1180600.0,20495000000.0
2022-09-19,MSB,17.8,17.2,17.7,17.35,10.27,935300.0,16456000000.0
2022-09-16,MSB,17.95,17.45,17.5,17.7,10.47,2010100.0,35430000000.0
2022-09-15,MSB,17.8,17.55,17.8,17.55,10.38,1350600.0,23777000000.0
2022-09-14,MSB,17.75,17.45,17.6,17.75,10.5,2091300.0,36688000000.0
2022-09-13,MSB,18.15,17.65,18.15,17.95,10.62,2083600.0,36954000000.0
2022-09-12,MSB,18.5,18.0,18.5,18.0,10.65,1211000.0,21978000000.0
2022-09-09,MSB,18.5,17.8,18.4,18.35,10.86,1933000.0,34955000000.0
2022-09-08,MSB,18.8,18.3,18.7,18.3,10.83,1835500.0,33908000000.0
2022-09-07,MSB,19.1,18.7,19.1,18.7,11.06,2043600.0,38528000000.0
2022-09-06,MSB,19.15,18.9,19.0,19.1,11.3,2544700.0,48348000000.0
2022-09-05,MSB,19.15,18.85,19.15,18.9,11.18,1486100.0,28195000000.0
2022-08-31,MSB,19.0,18.7,18.95,19.0,11.24,1363900.0,25651000000.0
2022-08-30,MSB,19.2,18.8,19.0,18.95,11.21,1652500.0,31262000000.0
2022-08-29,MSB,19.05,18.65,19.05,18.95,11.21,1497500.0,28274000000.0
2022-08-26,MSB,19.4,19.15,19.2,19.3,11.42,1535300.0,29570000000.0
2022-08-25,MSB,19.25,19.1,19.2,19.2,11.36,1634300.0,31343000000.0
2022-08-24,MSB,19.1,18.9,19.0,19.1,11.3,1288800.0,24490000000.0
2022-08-23,MSB,19.0,18.6,18.85,19.0,11.24,2348500.0,44012000000.0
2022-08-22,MSB,19.2,18.75,19.2,19.0,11.24,1302700.0,24688000000.0
2022-08-19,MSB,19.3,18.95,19.2,19.25,11.39,1462000.0,27956000000.0
2022-08-18,MSB,19.35,19.1,19.3,19.3,11.42,1378100.0,26504000000.0
2022-08-17,MSB,19.35,19.2,19.3,19.3,11.42,3090700.0,59531000000.0
2022-08-16,MSB,19.3,19.1,19.3,19.25,11.39,1187100.0,22814000000.0
2022-08-15,MSB,19.2,18.8,18.8,19.2,11.36,2853300.0,54382000000.0
2022-08-12,MSB,18.8,18.55,18.7,18.8,11.12,1457500.0,27216000000.0
2022-08-11,MSB,19.15,18.5,19.1,18.6,11.0,2299900.0,43542000000.0
2022-08-10,MSB,19.1,18.8,19.05,18.95,11.21,1652300.0,31235000000.0
2022-08-09,MSB,19.15,18.7,18.8,19.0,11.24,3043300.0,57593000000.0
2022-08-08,MSB,18.95,18.6,18.9,18.8,11.12,2243000.0,41995000000.0
2022-08-05,MSB,18.9,18.55,18.75,18.8,11.12,1719000.0,32079000000.0
2022-08-04,MSB,19.0,18.55,18.85,18.8,11.12,3501700.0,65761000000.0
2022-08-03,MSB,18.8,18.45,18.7,18.8,11.12,3226400.0,60085000000.0
2022-08-02,MSB,18.75,18.45,18.7,18.75,11.09,2153300.0,40098000000.0
2022-08-01,MSB,18.8,18.55,18.65,18.7,11.06,1543800.0,28809000000.0
2022-07-29,MSB,18.6,18.2,18.55,18.6,11.0,2795100.0,51540000000.0
2022-07-28,MSB,18.65,18.1,18.35,18.5,10.95,2358000.0,43355000000.0
2022-07-27,MSB,18.1,17.8,18.1,18.1,10.71,845000.0,15201000000.0
2022-07-26,MSB,18.35,18.0,18.35,18.1,10.71,775800.0,14049000000.0
2022-07-25,MSB,18.25,17.9,18.2,18.15,10.74,1438000.0,25948000000.0
2022-07-22,MSB,18.45,18.2,18.3,18.3,10.83,2580700.0,47276000000.0
2022-07-21,MSB,18.55,18.05,18.5,18.2,10.77,2392700.0,43954000000.0
2022-07-20,MSB,18.1,17.5,17.65,18.0,10.65,3125800.0,55645000000.0
2022-07-19,MSB,17.6,17.2,17.45,17.6,10.41,1765400.0,30843000000.0
2022-07-18,MSB,17.8,17.4,17.7,17.6,10.41,1307800.0,22964000000.0
2022-07-15,MSB,17.55,17.25,17.3,17.5,10.35,2250100.0,39130000000.0
2022-07-14,MSB,17.3,17.05,17.1,17.25,10.21,1490400.0,25598000000.0
2022-07-13,MSB,17.25,16.55,16.55,17.2,10.18,2002800.0,34084000000.0
2022-07-12,MSB,16.8,16.35,16.5,16.7,9.88,805100.0,13391000000.0
2022-07-11,MSB,16.7,16.3,16.6,16.5,9.76,784700.0,12951000000.0
2022-07-08,MSB,17.05,16.55,17.0,16.8,9.94,858600.0,14409000000.0
2022-07-07,MSB,17.0,16.35,16.8,16.8,9.94,1103600.0,18312000000.0
2022-07-06,MSB,17.15,16.65,17.1,17.0,10.06,1127400.0,19078000000.0
2022-07-05,MSB,17.5,17.1,17.2,17.3,10.24,1664900.0,28712000000.0
2022-07-04,MSB,17.2,16.95,17.05,17.1,10.12,572200.0,9766000000.0
2022-07-01,MSB,17.0,16.4,16.8,17.0,10.06,1153800.0,19247000000.0
2022-06-30,MSB,17.2,16.9,17.2,17.0,10.06,1735400.0,29589000000.0
2022-06-29,MSB,17.35,16.9,17.0,17.25,10.21,729900.0,12450000000.0
2022-06-28,MSB,17.4,16.3,16.85,17.2,10.18,1666100.0,28119000000.0
2022-06-27,MSB,16.85,16.35,16.5,16.85,9.97,1328500.0,22060000000.0
2022-06-24,MSB,16.65,16.35,16.5,16.55,9.79,1386900.0,22846000000.0
2022-06-23,MSB,16.5,15.65,16.1,16.5,9.76,742200.0,11966000000.0
2022-06-22,MSB,16.05,15.0,15.35,16.05,9.5,1364000.0,21128000000.0
2022-06-21,MSB,15.1,13.95,14.6,15.0,8.88,2164300.0,31516000000.0
2022-06-20,MSB,16.3,14.95,16.1,15.0,8.88,1928500.0,30098000000.0
2022-06-17,MSB,16.9,16.05,16.9,16.05,9.5,1760500.0,28679000000.0
2022-06-16,MSB,18.0,17.15,17.5,17.25,10.21,803600.0,13992000000.0
2022-06-15,MSB,18.1,16.8,18.0,17.4,10.3,1302700.0,22627000000.0
2022-06-14,MSB,18.6,17.5,18.3,17.95,10.62,1421500.0,25872000000.0
2022-06-13,MSB,19.3,18.3,18.8,18.3,10.83,2323300.0,43388000000.0
2022-06-10,MSB,20.15,19.65,19.85,19.65,11.63,1152100.0,22863000000.0
2022-06-09,MSB,20.3,19.95,20.3,20.05,11.86,390300.0,7834000000.0
2022-06-08,MSB,20.15,19.5,19.55,20.15,11.92,1078900.0,21448000000.0
2022-06-07,MSB,19.8,19.1,19.6,19.5,11.54,624800.0,12091000000.0
2022-06-06,MSB,19.9,19.6,19.85,19.8,11.72,1049500.0,20719000000.0
2022-06-03,MSB,19.8,19.3,19.7,19.6,11.6,1085000.0,21230000000.0
2022-06-02,MSB,20.5,19.6,20.3,19.7,11.66,1712700.0,34290000000.0
2022-06-01,MSB,20.55,20.1,20.4,20.4,12.07,1224200.0,24864000000.0
2022-05-31,MSB,20.55,20.15,20.55,20.5,12.13,1687600.0,34343000000.0
2022-05-30,MSB,20.8,20.3,20.8,20.7,12.25,1365700.0,27969000000.0
2022-05-27,MSB,20.6,19.65,19.85,20.6,12.19,2873600.0,58062000000.0
2022-05-26,MSB,20.0,19.7,19.85,19.75,11.69,1179700.0,23372000000.0
2022-05-25,MSB,19.8,19.05,19.1,19.8,11.72,1935500.0,37524000000.0
2022-05-24,MSB,19.1,18.35,19.1,19.0,11.24,1109600.0,20843000000.0
2022-05-23,MSB,19.7,18.75,19.4,19.0,11.24,766400.0,14753000000.0
2022-05-20,MSB,19.8,19.4,19.6,19.4,11.48,1030200.0,20141000000.0
2022-05-19,MSB,19.7,19.0,19.1,19.6,11.6,1002600.0,19411000000.0
2022-05-18,MSB,20.0,19.2,19.45,19.6,11.6,2024900.0,39740000000.0
2022-05-17,MSB,19.5,17.8,18.0,19.45,11.51,1849600.0,34423000000.0
2022-05-16,MSB,19.0,18.0,18.0,18.25,10.8,1624900.0,29778000000.0
2022-05-13,MSB,19.5,18.2,19.05,18.2,10.77,2657500.0,49248000000.0
2022-05-12,MSB,20.9,19.55,20.85,19.55,11.57,1479900.0,30025000000.0
2022-05-11,MSB,21.1,20.65,21.0,21.0,12.42,976600.0,20413000000.0
2022-05-10,MSB,21.0,19.85,20.2,20.95,12.4,1981700.0,40337000000.0
2022-05-09,MSB,22.35,20.85,21.4,20.85,12.34,2456900.0,52130000000.0
2022-05-06,MSB,22.65,22.15,22.45,22.4,13.25,1171900.0,26202000000.0
2022-05-05,MSB,23.0,22.4,23.0,22.8,13.49,1034800.0,23426000000.0
2022-05-04,MSB,22.9,22.45,22.9,22.8,13.49,903500.0,20469000000.0
2022-04-29,MSB,22.9,22.35,22.5,22.9,13.55,2568300.0,57939000000.0
2022-04-28,MSB,23.0,22.45,23.0,22.45,13.28,1060700.0,24060000000.0
2022-04-27,MSB,22.95,22.15,22.4,22.8,13.49,896700.0,20082000000.0
2022-04-26,MSB,22.45,21.25,21.8,22.4,13.25,1728500.0,37889000000.0
2022-04-25,MSB,23.4,21.7,23.4,22.0,13.02,3027500.0,68127000000.0
2022-04-22,MSB,23.45,22.6,23.0,23.1,13.67,2556600.0,58908000000.0
2022-04-21,MSB,23.2,22.2,22.5,23.0,13.61,1909800.0,43564000000.0
2022-04-20,MSB,23.5,22.7,22.9,23.0,13.61,3056600.0,70222000000.0
2022-04-19,MSB,24.0,23.0,23.9,23.0,13.61,2067700.0,48628000000.0
2022-04-18,MSB,24.5,23.0,24.5,23.85,14.11,3914800.0,92694000000.0
2022-04-15,MSB,25.4,24.5,25.2,24.5,14.5,2761500.0,68729000000.0
2022-04-14,MSB,25.45,25.1,25.3,25.2,14.91,1759800.0,44417000000.0
2022-04-13,MSB,25.35,24.9,25.15,25.15,14.88,2493700.0,62643000000.0
2022-04-12,MSB,25.85,24.95,25.45,25.35,15.0,2397700.0,60474000000.0
2022-04-08,MSB,26.0,25.55,25.9,25.65,15.18,2435600.0,62653000000.0
2022-04-07,MSB,26.3,25.8,25.95,26.0,15.38,6520000.0,170107000000.0
2022-04-06,MSB,25.9,25.5,25.7,25.8,15.27,2748400.0,70683000000.0
2022-04-05,MSB,25.95,25.5,25.8,25.75,15.24,2622300.0,67279000000.0
2022-04-04,MSB,26.1,25.5,26.0,25.95,15.35,4044200.0,104347000000.0
2022-04-01,MSB,25.8,25.15,25.3,25.8,15.27,3840600.0,97830000000.0
2022-03-31,MSB,25.55,25.1,25.5,25.4,15.03,1711000.0,43292000000.0
2022-03-30,MSB,25.5,25.05,25.05,25.4,15.03,2873400.0,72760000000.0
2022-03-29,MSB,25.5,25.1,25.2,25.3,14.97,2846700.0,71912000000.0
2022-03-28,MSB,25.5,25.0,25.45,25.2,14.91,3106200.0,78300000000.0
2022-03-25,MSB,25.75,25.45,25.7,25.65,15.18,3459900.0,88516000000.0
2022-03-24,MSB,25.9,25.5,25.8,25.75,15.24,3059500.0,78521000000.0
2022-03-23,MSB,26.1,25.8,26.1,25.95,15.35,2857000.0,73976000000.0
2022-03-22,MSB,26.0,25.75,25.9,26.0,15.38,3839700.0,99472000000.0
2022-03-21,MSB,25.9,25.55,25.8,25.9,15.32,2653800.0,68148000000.0
2022-03-18,MSB,25.9,25.6,25.75,25.8,15.27,3986400.0,102613000000.0
2022-03-17,MSB,25.65,25.35,25.6,25.65,15.18,3434600.0,87466000000.0
2022-03-16,MSB,25.65,25.3,25.5,25.4,15.03,2204700.0,56018000000.0
2022-03-15,MSB,25.5,25.25,25.4,25.4,15.03,2737800.0,69413000000.0
2022-03-14,MSB,25.35,25.0,25.2,25.35,15.0,2739300.0,68872000000.0
2022-03-11,MSB,25.4,25.1,25.35,25.35,15.0,3095200.0,78269000000.0
2022-03-10,MSB,25.5,25.15,25.35,25.4,15.03,1905600.0,48234000000.0
2022-03-09,MSB,25.45,24.5,25.15,25.0,14.79,4265700.0,106129000000.0
2022-03-08,MSB,25.55,24.95,25.05,25.15,14.88,6324500.0,159135000000.0
2022-03-07,MSB,25.8,25.45,25.8,25.6,15.15,4338300.0,110897000000.0
2022-03-04,MSB,26.2,25.75,26.0,26.0,15.38,3706900.0,96132000000.0
2022-03-03,MSB,26.1,25.35,25.6,26.0,15.38,6329500.0,161961000000.0
2022-03-02,MSB,26.4,25.5,26.3,25.5,15.09,11783400.0,304660000000.0
2022-03-01,MSB,26.65,26.25,26.5,26.5,15.68,6215500.0,164222000000.0
2022-02-28,MSB,26.9,26.45,26.9,26.65,15.77,5517700.0,146944000000.0
2022-02-25,MSB,27.1,26.7,26.7,26.9,15.92,6164800.0,165869000000.0
2022-02-24,MSB,27.4,25.95,27.3,26.7,15.8,8537100.0,228393000000.0
2022-02-23,MSB,27.7,27.1,27.2,27.3,16.15,9718900.0,266731000000.0
2022-02-22,MSB,27.0,26.5,26.7,27.0,15.98,5855900.0,156780000000.0
2022-02-21,MSB,27.0,26.5,27.0,27.0,15.98,5818200.0,155438000000.0
2022-02-18,MSB,27.0,26.5,26.75,27.0,15.98,6902300.0,184174000000.0
2022-02-17,MSB,27.1,26.5,26.8,27.0,15.98,3776200.0,101163000000.0
2022-02-16,MSB,26.95,26.4,26.95,26.85,15.89,4518100.0,120103000000.0
2022-02-15,MSB,26.8,26.1,26.4,26.7,15.8,5663400.0,149699000000.0
2022-02-14,MSB,27.85,26.2,27.2,26.2,15.5,11732800.0,322030000000.0
2022-02-11,MSB,27.9,27.3,27.5,27.55,16.3,5409700.0,148846000000.0
2022-02-10,MSB,27.8,27.3,27.75,27.55,16.3,5966000.0,164110000000.0
2022-02-09,MSB,28.05,27.6,28.0,27.75,16.42,7803000.0,217376000000.0
2022-02-08,MSB,28.1,27.25,27.35,27.85,16.48,19892100.0,554202000000.0
2022-02-07,MSB,27.5,27.15,27.5,27.35,16.18,4829300.0,131759000000.0
2022-01-28,MSB,27.45,27.0,27.0,27.15,16.06,5011100.0,136252000000.0
2022-01-27,MSB,27.5,26.7,27.5,27.25,16.12,4176900.0,113370000000.0
2022-01-26,MSB,27.65,27.05,27.1,27.5,16.27,9153600.0,250910000000.0
2022-01-25,MSB,27.0,25.8,25.9,27.0,15.98,5218200.0,136932000000.0
2022-01-24,MSB,26.85,25.6,26.75,25.9,15.32,4352700.0,114670000000.0
2022-01-21,MSB,26.95,26.2,26.5,26.75,15.83,5430900.0,144157000000.0
2022-01-20,MSB,26.5,25.55,26.0,26.15,15.47,2046100.0,52960000000.0
2022-01-19,MSB,26.0,25.5,25.5,25.7,15.21,3299300.0,84770000000.0
2022-01-18,MSB,26.1,25.35,25.8,25.35,15.0,6090900.0,156261000000.0
2022-01-17,MSB,27.4,25.6,27.0,25.9,15.32,7395700.0,196724000000.0
2022-01-14,MSB,28.05,26.8,27.4,26.8,15.86,4069500.0,111730000000.0
2022-01-13,MSB,28.7,27.6,28.2,28.0,16.57,10938700.0,308935000000.0
2022-01-12,MSB,28.0,26.3,26.3,28.0,16.57,9864100.0,267750000000.0
2022-01-11,MSB,27.0,26.1,26.5,26.6,15.74,6528700.0,174132000000.0
2022-01-10,MSB,27.5,26.35,27.1,26.35,15.59,6945500.0,186403000000.0
2022-01-07,MSB,27.7,27.1,27.4,27.1,16.03,5665400.0,155248000000.0
2022-01-06,MSB,27.85,27.2,27.2,27.65,16.36,9183000.0,251539000000.0
2022-01-05,MSB,28.5,27.7,28.4,27.7,16.39,11076900.0,310796000000.0
2022-01-04,MSB,29.05,28.4,29.0,28.4,16.8,9008800.0,258510000000.0
2021-12-31,MSB,29.0,28.5,28.9,29.0,17.16,17747900.0,511538000000.0
2021-12-30,MSB,28.5,27.65,27.85,28.5,16.86,14673800.0,411810000000.0
2021-12-29,MSB,27.95,27.45,27.8,27.85,16.48,8929800.0,247541000000.0
2021-12-28,MSB,27.65,27.0,27.55,27.5,16.27,8129000.0,222078000000.0
2021-12-27,MSB,27.5,26.5,27.1,27.3,16.15,6668300.0,180164000000.0
2021-12-24,MSB,27.1,26.0,26.3,27.1,16.03,10502500.0,279613000000.0
2021-12-23,MSB,26.85,25.15,26.7,26.35,15.59,9154000.0,238057000000.0
2021-12-22,MSB,27.15,26.1,26.95,26.7,15.8,11308000.0,302324000000.0
2021-12-21,MSB,26.5,25.8,26.0,26.5,15.68,10647300.0,277717000000.0
2021-12-20,MSB,26.2,25.75,26.0,26.2,15.5,7162500.0,186094000000.0
2021-12-17,MSB,26.25,25.6,25.9,26.15,15.47,6534700.0,169745000000.0
2021-12-16,MSB,25.95,25.15,25.4,25.85,15.29,9098200.0,231781000000.0
2021-12-15,MSB,25.45,24.6,24.7,25.2,14.91,7001400.0,175310000000.0
2021-12-14,MSB,25.5,24.4,24.5,24.75,14.64,6940000.0,172584000000.0
2021-12-13,MSB,25.05,24.6,25.0,24.65,14.58,9748000.0,242356000000.0
2021-12-10,MSB,25.3,24.9,25.0,25.0,14.79,7901600.0,197869000000.0
2021-12-09,MSB,25.05,24.75,24.9,24.95,14.76,4608800.0,115034000000.0
2021-12-08,MSB,25.5,24.2,24.45,24.9,14.73,14039400.0,349092000000.0
2021-12-07,MSB,24.65,23.95,24.5,24.45,14.47,4953000.0,120078000000.0
2021-12-06,MSB,25.3,23.4,25.0,24.0,14.2,18680500.0,451339000000.0
2021-12-03,MSB,26.6,25.0,26.35,25.0,14.79,7588700.0,196741000000.0
2021-12-02,MSB,27.0,26.2,27.0,26.2,15.5,5148900.0,137439000000.0
2021-12-01,MSB,27.0,25.55,25.9,27.0,15.98,10364100.0,269816000000.0
2021-11-30,MSB,27.7,26.0,27.6,26.0,15.38,14855000.0,398154000000.0
2021-11-29,MSB,27.6,26.7,27.3,27.2,16.09,10077700.0,273761000000.0
2021-11-26,MSB,28.0,27.3,27.8,27.75,16.42,10632100.0,294428000000.0
2021-11-25,MSB,28.2,27.6,28.0,27.8,16.45,11173400.0,311751000000.0
2021-11-24,MSB,28.2,26.25,26.5,28.2,16.69,18292500.0,501337000000.0
2021-11-23,MSB,26.8,25.7,26.4,26.45,15.65,11098000.0,291232000000.0
2021-11-22,MSB,26.3,24.8,25.0,26.25,15.53,29139900.0,751148000000.0
2021-11-19,MSB,25.2,23.7,24.0,24.6,14.56,21606600.0,529773000000.0
2021-11-18,MSB,24.2,23.6,23.7,23.8,14.08,8356300.0,199226000000.0
2021-11-17,MSB,24.0,23.65,24.0,23.7,14.02,7282400.0,173368000000.0
2021-11-16,MSB,24.5,23.8,24.2,24.0,14.2,7498700.0,181710000000.0
2021-11-15,MSB,24.5,24.05,24.4,24.2,14.32,8143900.0,197911000000.0
2021-11-12,MSB,24.3,23.15,23.6,24.1,14.26,10643600.0,251041000000.0
2021-11-11,MSB,24.55,23.5,24.55,23.6,13.96,13850300.0,331956000000.0
2021-11-10,MSB,25.0,24.55,25.0,24.55,14.53,7253500.0,179395000000.0
2021-11-09,MSB,25.55,24.85,25.4,24.95,14.76,9589500.0,242111000000.0
2021-11-08,MSB,25.35,24.1,24.45,25.15,14.88,21392900.0,528711000000.0
2021-11-05,MSB,24.8,24.35,24.75,24.6,14.56,9070200.0,222792000000.0
2021-11-04,MSB,25.05,24.5,25.0,24.8,14.67,8494900.0,210394000000.0
2021-11-03,MSB,25.0,23.5,23.5,24.95,14.76,26474900.0,637690000000.0
2021-11-02,MSB,23.5,23.2,23.45,23.5,13.9,6928400.0,162225000000.0
2021-11-01,MSB,23.5,23.05,23.1,23.45,13.87,10233100.0,238884000000.0
2021-10-29,MSB,22.9,22.45,22.8,22.9,13.55,8428800.0,191495000000.0
2021-10-28,MSB,22.9,22.55,22.7,22.7,13.43,7045600.0,160352000000.0
2021-10-27,MSB,22.8,22.3,22.55,22.65,13.4,5521900.0,124735000000.0
2021-10-26,MSB,22.75,22.15,22.75,22.7,13.43,4332400.0,97050000000.0
2021-10-25,MSB,22.95,22.75,22.9,22.9,13.55,5060000.0,115609000000.0
2021-10-22,MSB,22.95,22.65,22.85,22.9,13.55,5082800.0,115936000000.0
2021-10-21,MSB,22.85,22.35,22.35,22.85,13.52,12660300.0,287031000000.0
2021-10-20,MSB,22.4,21.9,22.2,22.2,13.14,6872500.0,152701000000.0
2021-10-19,MSB,22.05,21.75,22.0,21.9,12.96,2292000.0,50152000000.0
2021-10-18,MSB,22.15,21.8,22.1,22.0,13.02,2868500.0,62904000000.0
2021-10-15,MSB,22.25,21.85,22.1,22.05,13.05,3588200.0,78912000000.0
2021-10-14,MSB,22.25,21.9,22.25,22.0,13.02,3600700.0,79356000000.0
2021-10-13,MSB,22.5,22.05,22.3,22.2,13.14,2652000.0,58962000000.0
2021-10-12,MSB,22.5,22.25,22.5,22.45,13.28,3987400.0,89233000000.0
2021-10-11,MSB,22.45,21.95,22.1,22.45,13.28,6244500.0,138629000000.0
2021-10-08,MSB,22.25,21.9,22.2,22.15,13.11,2402900.0,52978000000.0
2021-10-07,MSB,22.25,21.85,22.0,22.2,13.14,6081400.0,134056000000.0
2021-10-06,MSB,28.8,27.5,28.65,27.5,12.52,6582500.0,184641000000.0
2021-10-05,MSB,28.6,28.0,28.35,28.6,13.02,5387700.0,152374000000.0
2021-10-04,MSB,28.8,27.5,28.7,28.4,12.93,5739500.0,160906000000.0
2021-10-01,MSB,29.3,28.25,29.15,28.8,13.11,6496000.0,186503000000.0
2021-09-30,MSB,29.55,29.0,29.55,29.3,13.33,3480100.0,101876000000.0
2021-09-29,MSB,29.55,28.9,29.5,29.5,13.43,4374500.0,127702000000.0
2021-09-28,MSB,29.65,29.1,29.4,29.65,13.49,3816100.0,112180000000.0
2021-09-27,MSB,30.4,29.5,30.4,29.5,13.43,4542000.0,136000000000.0
2021-09-24,MSB,30.0,29.0,29.05,30.0,13.65,14502400.0,429565000000.0
2021-09-23,MSB,29.15,28.6,29.1,29.0,13.2,3077000.0,88723000000.0
2021-09-22,MSB,29.0,28.6,28.7,29.0,13.2,2806700.0,80719000000.0
2021-09-21,MSB,29.2,28.65,29.0,28.7,13.06,3332800.0,96323000000.0
2021-09-20,MSB,29.8,29.2,29.7,29.45,13.4,6379500.0,188238000000.0
2021-09-17,MSB,29.25,28.75,28.8,29.25,13.31,5662800.0,164487000000.0
2021-09-16,MSB,28.8,28.45,28.65,28.65,13.04,4645900.0,132857000000.0
2021-09-15,MSB,28.75,28.0,28.2,28.55,12.99,6658400.0,188182000000.0
2021-09-14,MSB,28.7,28.1,28.7,28.4,12.93,2866100.0,81377000000.0
2021-09-13,MSB,29.0,28.4,29.0,28.8,13.11,3163400.0,90560000000.0
2021-09-10,MSB,29.3,28.7,29.1,29.0,13.2,3682600.0,106404000000.0
2021-09-09,MSB,29.1,28.7,28.8,29.1,13.24,2837000.0,81774000000.0
2021-09-08,MSB,29.55,28.6,29.5,28.85,13.13,4650100.0,135379000000.0
2021-09-07,MSB,29.5,29.0,29.05,29.4,13.38,7553600.0,221260000000.0
2021-09-06,MSB,29.05,28.45,29.0,28.9,13.15,4919000.0,141348000000.0
2021-09-01,MSB,28.6,28.15,28.3,28.6,13.02,6053100.0,172028000000.0
2021-08-31,MSB,28.5,28.0,28.4,28.3,12.88,5173500.0,146082000000.0
2021-08-30,MSB,28.5,27.9,28.35,28.3,12.88,4093000.0,115111000000.0
2021-08-27,MSB,28.0,27.1,27.65,28.0,12.74,4210700.0,116386000000.0
2021-08-26,MSB,28.05,27.65,27.75,27.9,12.7,3653000.0,101882000000.0
2021-08-25,MSB,28.0,27.55,27.95,27.9,12.7,3608000.0,100150000000.0
2021-08-24,MSB,27.9,26.5,27.1,27.6,12.56,7471100.0,202500000000.0
2021-08-23,MSB,28.4,27.0,28.4,27.0,12.29,9662000.0,266044000000.0
2021-08-20,MSB,30.4,28.0,30.1,28.4,12.93,16878500.0,489825000000.0
2021-08-19,MSB,30.8,29.85,30.7,30.1,13.7,9937300.0,300419000000.0
2021-08-18,MSB,31.45,30.7,31.2,30.8,14.02,8741400.0,271441000000.0
2021-08-17,MSB,31.9,31.05,31.8,31.4,14.29,9270800.0,291936000000.0
2021-08-16,MSB,31.9,30.1,30.7,31.5,14.34,16130200.0,499116000000.0
2021-08-13,MSB,31.0,29.85,31.0,30.65,13.95,6202000.0,188640000000.0
2021-08-12,MSB,31.1,30.6,31.0,31.1,14.15,8479600.0,261676000000.0
2021-08-11,MSB,31.55,29.85,30.0,31.0,14.11,16270000.0,499914000000.0
2021-08-10,MSB,30.25,29.7,30.0,30.0,13.65,7059400.0,211617000000.0
2021-08-09,MSB,29.8,29.1,29.45,29.8,13.56,8060300.0,238035000000.0
2021-08-06,MSB,30.0,29.3,30.0,29.65,13.49,6125200.0,181414000000.0
2021-08-05,MSB,29.85,29.35,29.65,29.8,13.56,5782000.0,171608000000.0
2021-08-04,MSB,29.8,29.25,29.5,29.65,13.49,8324500.0,245895000000.0
2021-08-03,MSB,29.2,28.55,29.15,29.2,13.29,7024600.0,202836000000.0
2021-08-02,MSB,29.65,28.85,29.65,29.15,13.27,6342400.0,184637000000.0
2021-07-30,MSB,29.75,29.2,29.2,29.65,13.49,10009300.0,295612000000.0
2021-07-29,MSB,29.2,28.45,28.5,29.2,13.29,7240000.0,208303000000.0
2021-07-28,MSB,28.45,28.0,28.4,28.4,12.93,3719600.0,105101000000.0
2021-07-27,MSB,28.6,28.1,28.15,28.4,12.93,5421500.0,153745000000.0
2021-07-26,MSB,28.15,27.5,27.75,28.1,12.79,4695500.0,130734000000.0
2021-07-23,MSB,28.6,27.8,27.8,28.15,12.81,15238000.0,430025000000.0
2021-07-22,MSB,28.4,27.4,27.9,28.0,12.74,9514700.0,265191000000.0
2021-07-21,MSB,28.15,27.5,28.0,27.9,12.7,16353100.0,457227000000.0
2021-07-20,MSB,28.0,26.2,26.85,28.0,12.74,15134100.0,407274000000.0
2021-07-19,MSB,27.9,26.85,27.8,26.85,12.22,9009300.0,244918000000.0
2021-07-16,MSB,29.0,27.9,28.45,28.85,13.13,19445200.0,554255000000.0
2021-07-15,MSB,28.45,27.35,27.55,28.45,12.95,6092400.0,169622000000.0
2021-07-14,MSB,28.1,26.9,28.0,27.7,12.61,7539400.0,207306000000.0
2021-07-13,MSB,28.4,27.3,28.0,28.0,12.74,7645900.0,213900000000.0
2021-07-12,MSB,29.4,27.45,29.4,28.0,12.74,13397100.0,373062000000.0
2021-07-09,MSB,30.2,28.4,30.1,29.5,13.43,12047800.0,354714000000.0
2021-07-08,MSB,31.0,29.7,30.9,30.1,13.7,8075400.0,244823000000.0
2021-07-07,MSB,30.75,28.6,30.1,30.75,13.99,14672400.0,434627000000.0
2021-07-06,MSB,31.9,29.25,31.55,29.25,13.31,16651200.0,516688000000.0
2021-07-05,MSB,31.4,30.5,31.3,31.4,14.29,10529900.0,326991000000.0
2021-07-02,MSB,31.6,30.95,31.15,31.15,14.18,10115300.0,316688000000.0
2021-07-01,MSB,31.05,30.1,30.2,31.0,14.11,19224500.0,589843000000.0
2021-06-30,MSB,30.6,29.9,30.55,30.2,13.74,8707900.0,263720000000.0
2021-06-29,MSB,31.0,30.15,30.3,30.3,13.79,15280600.0,468905000000.0
2021-06-28,MSB,30.3,28.6,28.6,30.3,13.79,26626300.0,782497000000.0
2021-06-25,MSB,28.4,27.9,28.35,28.35,12.9,5347400.0,150879000000.0
2021-06-24,MSB,28.55,27.8,28.5,28.35,12.9,3799500.0,107333000000.0
2021-06-23,MSB,28.8,28.0,28.7,28.4,12.93,5455500.0,154958000000.0
2021-06-22,MSB,28.7,27.75,28.0,28.4,12.93,11162500.0,314884000000.0
2021-06-21,MSB,27.95,27.45,27.95,27.8,12.65,4210500.0,116817000000.0
2021-06-18,MSB,27.95,27.4,27.6,27.95,12.72,6309400.0,174483000000.0
2021-06-17,MSB,27.5,26.5,26.5,27.5,12.52,4754100.0,128175000000.0
2021-06-16,MSB,27.85,27.0,27.85,27.3,12.42,5584100.0,152486000000.0
2021-06-15,MSB,28.0,27.3,27.9,27.8,12.65,4771600.0,132128000000.0
2021-06-14,MSB,28.1,27.5,28.0,27.9,12.7,7562400.0,210513000000.0
2021-06-11,MSB,28.1,26.9,27.2,28.0,12.74,7618800.0,210329000000.0
2021-06-10,MSB,28.3,27.0,28.0,27.1,12.33,4809300.0,132724000000.0
2021-06-09,MSB,28.3,25.8,27.0,28.0,12.74,13619700.0,367680000000.0
2021-06-08,MSB,29.0,26.9,28.3,26.9,12.24,9546900.0,264884000000.0
2021-06-07,MSB,30.0,28.3,30.0,28.9,13.15,10186200.0,293542000000.0
2021-06-04,MSB,30.8,28.25,28.9,30.4,13.84,14704200.0,429030000000.0
2021-06-03,MSB,29.4,27.5,28.0,28.9,13.15,17838400.0,504515000000.0
2021-06-02,MSB,28.0,27.0,27.45,27.7,12.61,9966900.0,272540000000.0
2021-06-01,MSB,28.35,27.0,27.7,28.0,12.74,13815600.0,381732000000.0
2021-05-31,MSB,27.5,26.2,26.75,27.45,12.49,11145300.0,298753000000.0
2021-05-28,MSB,26.8,25.5,25.85,26.7,12.15,9092700.0,237618000000.0
2021-05-27,MSB,26.5,25.3,25.3,25.7,11.7,11178900.0,288902000000.0
2021-05-26,MSB,25.35,25.0,25.0,25.25,11.49,10557800.0,266213000000.0
2021-05-25,MSB,25.0,24.65,24.75,24.9,11.33,10987400.0,272969000000.0
2021-05-24,MSB,25.35,24.8,25.05,25.0,11.38,9504400.0,237758000000.0
2021-05-21,MSB,25.5,24.75,24.85,24.95,11.36,10045500.0,252843000000.0
2021-05-20,MSB,24.85,23.25,23.25,24.85,11.31,22779300.0,548232000000.0
2021-05-19,MSB,23.3,22.85,23.0,23.25,10.58,8526600.0,196941000000.0
2021-05-18,MSB,23.35,22.6,23.2,23.0,10.47,6124600.0,140372000000.0
2021-05-17,MSB,23.65,22.85,23.5,23.2,10.56,7568400.0,175908000000.0
2021-05-14,MSB,23.65,23.1,23.3,23.4,10.65,11371400.0,266002000000.0
2021-05-13,MSB,23.4,22.8,23.1,23.25,10.58,10390700.0,240208000000.0
2021-05-12,MSB,23.2,22.7,22.95,23.2,10.56,7042000.0,161367000000.0
2021-05-11,MSB,23.35,22.7,22.7,22.95,10.44,13380100.0,309794000000.0
2021-05-10,MSB,22.75,21.9,22.0,22.6,10.29,8456800.0,189165000000.0
2021-05-07,MSB,22.45,22.0,22.4,22.2,10.1,4094300.0,91043000000.0
2021-05-06,MSB,22.75,22.25,22.5,22.4,10.19,10988100.0,247672000000.0
2021-05-05,MSB,22.3,21.7,21.7,22.3,10.15,16356000.0,360008000000.0
2021-05-04,MSB,21.7,21.0,21.2,21.6,9.83,2921400.0,62662000000.0
2021-04-29,MSB,21.75,21.35,21.65,21.7,9.88,3835500.0,82950000000.0
2021-04-28,MSB,21.7,21.25,21.3,21.6,9.83,3178800.0,68188000000.0
2021-04-27,MSB,21.75,21.25,21.5,21.25,9.67,6336300.0,135194000000.0
2021-04-26,MSB,22.0,21.4,21.95,21.7,9.88,2819900.0,61139000000.0
2021-04-23,MSB,22.0,21.0,21.1,21.9,9.97,3599100.0,77255000000.0
2021-04-22,MSB,22.45,21.5,22.45,21.5,9.78,3962500.0,87503000000.0
2021-04-20,MSB,23.0,21.95,22.75,22.4,10.19,8192700.0,186117000000.0
2021-04-19,MSB,22.35,21.8,22.15,22.35,10.17,4472300.0,98542000000.0
2021-04-16,MSB,22.55,21.7,22.25,22.15,10.08,4800500.0,105978000000.0
2021-04-15,MSB,22.9,22.15,22.9,22.6,10.29,4711500.0,105902000000.0
2021-04-14,MSB,22.9,22.3,22.6,22.9,10.42,4611600.0,104079000000.0
2021-04-13,MSB,23.3,22.5,23.3,22.75,10.35,5651300.0,129451000000.0
2021-04-12,MSB,23.3,21.85,22.1,23.3,10.6,10339600.0,230497000000.0
2021-04-09,MSB,22.05,21.75,22.05,22.05,10.04,6552600.0,143702000000.0
2021-04-08,MSB,22.75,22.0,22.7,22.05,10.04,4592700.0,102713000000.0
2021-04-07,MSB,22.7,22.4,22.7,22.7,10.33,4460400.0,100519000000.0
2021-04-06,MSB,22.85,22.55,22.8,22.75,10.35,6024100.0,136913000000.0
2021-04-05,MSB,22.8,22.5,22.65,22.8,10.38,6408700.0,145303000000.0
2021-04-02,MSB,22.6,21.8,22.3,22.6,10.29,8235700.0,183163000000.0
2021-04-01,MSB,22.15,21.85,21.85,22.15,10.08,5410400.0,119282000000.0
2021-03-31,MSB,22.05,21.3,21.65,21.85,9.94,6208800.0,134384000000.0
2021-03-30,MSB,21.7,21.3,21.65,21.65,9.85,3757300.0,80837000000.0
2021-03-29,MSB,21.7,21.3,21.6,21.65,9.85,6127400.0,132176000000.0
2021-03-26,MSB,21.8,20.9,21.75,21.75,9.9,4614500.0,98490000000.0
2021-03-25,MSB,22.0,21.45,21.45,21.75,9.9,5718400.0,124226000000.0
2021-03-24,MSB,22.5,21.2,21.5,22.0,10.01,6169500.0,133505000000.0
2021-03-23,MSB,21.9,21.25,21.9,21.5,9.78,6249400.0,134516000000.0
2021-03-22,MSB,22.35,21.6,22.35,22.0,10.01,5063200.0,111076000000.0
2021-03-19,MSB,22.45,21.8,22.3,22.45,10.22,6436100.0,142361000000.0
2021-03-18,MSB,22.5,21.0,22.2,22.5,10.24,11309900.0,252829000000.0
2021-03-17,MSB,22.6,21.7,21.8,22.2,10.1,11731200.0,260305000000.0
2021-03-16,MSB,21.9,21.0,21.5,21.9,9.97,6608200.0,141749000000.0
2021-03-15,MSB,21.5,20.85,20.95,21.5,9.78,11402000.0,241509000000.0
2021-03-12,MSB,21.05,20.6,21.0,20.8,9.47,4610100.0,95828000000.0
2021-03-11,MSB,21.0,19.9,20.0,21.0,9.56,8762500.0,176814000000.0
2021-03-10,MSB,19.95,19.6,19.8,19.95,9.08,2986000.0,59025000000.0
2021-03-09,MSB,19.8,19.5,19.6,19.8,9.01,2822800.0,55311000000.0
2021-03-08,MSB,19.9,19.5,19.85,19.8,9.01,2667300.0,52653000000.0
2021-03-05,MSB,19.8,19.25,19.65,19.8,9.01,1846600.0,36012000000.0
2021-03-04,MSB,20.3,19.35,20.3,19.6,8.92,3571700.0,71049000000.0
2021-03-03,MSB,20.2,18.65,18.95,20.2,9.19,5598100.0,106554000000.0
2021-03-02,MSB,19.05,18.65,19.0,18.95,8.62,2391700.0,45083000000.0
2021-03-01,MSB,18.95,18.65,18.75,18.95,8.62,3239900.0,60927000000.0
2021-02-26,MSB,18.75,18.1,18.4,18.75,8.53,2349300.0,43574000000.0
2021-02-25,MSB,18.9,18.45,18.9,18.7,8.51,1531300.0,28559000000.0
2021-02-24,MSB,19.1,18.4,19.05,18.95,8.62,2317700.0,43501000000.0
2021-02-23,MSB,19.0,18.45,18.8,19.0,8.65,5946800.0,111283000000.0
2021-02-22,MSB,18.85,18.45,18.45,18.8,8.56,5623500.0,105032000000.0
2021-02-19,MSB,18.5,17.55,17.75,18.5,8.42,4718300.0,84663000000.0
2021-02-18,MSB,18.0,17.65,17.9,17.8,8.1,1880300.0,33511000000.0
2021-02-17,MSB,18.0,17.4,17.5,18.0,8.19,2077100.0,36580000000.0
2021-02-09,MSB,17.45,16.9,17.0,17.4,7.92,1715400.0,29475000000.0
2021-02-08,MSB,17.35,16.75,17.0,17.0,7.74,1467300.0,24977000000.0
2021-02-05,MSB,17.4,16.9,17.3,17.4,7.92,2465500.0,42286000000.0
2021-02-04,MSB,17.5,17.1,17.5,17.3,7.87,1112200.0,19240000000.0
2021-02-03,MSB,17.5,16.4,16.4,17.5,7.96,3625100.0,60802000000.0
2021-02-02,MSB,16.8,16.0,16.0,16.55,7.53,1491900.0,24599000000.0
2021-02-01,MSB,16.8,15.9,16.8,16.6,7.55,1864400.0,30542000000.0
2021-01-29,MSB,17.0,15.1,15.1,16.9,7.69,3033900.0,47647000000.0
2021-01-28,MSB,16.9,16.2,16.2,16.2,7.37,1906300.0,30979000000.0
2021-01-27,MSB,17.95,17.0,17.9,17.4,7.92,2240000.0,39146000000.0
2021-01-26,MSB,18.4,17.5,18.4,18.2,8.28,2076500.0,37076000000.0
2021-01-25,MSB,18.6,18.3,18.6,18.4,8.37,2317700.0,42710000000.0
2021-01-22,MSB,18.75,18.35,18.55,18.6,8.47,6146500.0,113892000000.0
2021-01-21,MSB,18.6,18.25,18.55,18.5,8.42,5980900.0,110267000000.0
2021-01-20,MSB,18.6,17.45,18.5,18.5,8.42,2122300.0,38464000000.0
2021-01-19,MSB,19.7,18.25,19.65,18.5,8.42,2760800.0,52266000000.0
2021-01-18,MSB,20.05,19.6,20.05,19.6,8.92,3836200.0,76012000000.0
2021-01-15,MSB,20.05,19.65,19.9,20.05,9.12,6096800.0,120853000000.0
2021-01-14,MSB,19.9,19.0,19.9,19.9,9.06,5747400.0,111663000000.0
2021-01-13,MSB,20.35,19.75,20.35,19.9,9.06,6368000.0,127608000000.0
2021-01-12,MSB,20.7,20.4,20.7,20.5,9.33,5232000.0,107408000000.0
2021-01-11,MSB,20.75,20.5,20.6,20.7,9.42,8229200.0,170065000000.0
2021-01-08,MSB,20.7,20.0,20.0,20.6,9.38,9146300.0,186397000000.0
2021-01-07,MSB,20.0,19.3,19.4,20.0,9.1,10025000.0,195920000000.0
2021-01-06,MSB,19.45,18.8,18.85,19.4,8.83,13781900.0,263557000000.0
2021-01-05,MSB,18.8,18.45,18.8,18.8,8.56,6425700.0,120061000000.0
2021-01-04,MSB,18.9,18.4,18.8,18.8,8.56,10019300.0,187435000000.0
2020-12-31,MSB,18.9,18.55,18.8,18.8,8.56,8721150.0,163588000000.0
2020-12-30,MSB,19.0,18.6,18.9,18.9,8.6,6435250.0,121051000000.0
2020-12-29,MSB,19.0,18.5,18.85,19.0,8.65,9680050.0,182071000000.0
2020-12-28,MSB,19.0,18.5,19.0,18.75,8.53,8600300.0,161531000000.0
2020-12-25,MSB,18.5,17.3,17.3,18.5,8.42,9311200.0,167569000000.0
2020-12-24,MSB,17.5,16.9,17.5,17.3,7.87,7683250.0,131446000000.0
2020-12-23,MSB,18.0,16.95,18.0,17.0,7.74,30431340.0,529495000000.0
